score_recomendacao,score_modelo,cosine,jaccard_texto,y,mesma_ict,mesma_area_lexica,mesmo_topico,dist_ano,patente_NO_PEDIDO,patente_ano,patente_depositante,patente_titulo,patente_ipc,patente_area_lexica,software_NO_PEDIDO,software_ano,software_depositante,software_titulo,software_tipo_programa,software_area_lexica
0.6587244861821577,0.5674989663463249,0.5038554460570831,0.1111111111111111,1,1,1,1,9.0,PI0705152   ,2007,Universidade Federal de Minas Gerais,MEDIÇÃO DO TEMPERAMENTO ANIMAL,,saude_digital,512016000222,2016,UNIVERSIDADE FEDERAL DE MINAS GERAIS,GERIÁTRICO,APLICATIVO -  APLICATIVOS Inst T&M   -  Instrumentaçäo de Teste e Mediçäo,saude_digital
0.6449846744190404,0.5356044800715989,0.5286804782560286,0.1,1,1,1,1,5.0,PI0701953   ,2007,Universidade Estadual de Campinas - Unicamp,SISTEMA PORTÁTIL DE MEDIÇÃO DE SO2 LIVRE E TOTAL EM BEBIDAS E PROCESSO DE MEDIÇÃO DE SO2 LIVRE E TOTAL EM BEBIDAS,,saude_digital,136061,2012,UNIVERSIDADE ESTADUAL DE CAMPINAS - UNICAMP,IVSMB,Inst T&M   -  Instrumentaçäo de Teste e Mediçäo,saude_digital
0.5977491093706966,0.5139928125247257,0.5286804782560286,0.1,0,0,1,1,3.0,PI0701953   ,2007,Universidade Estadual de Campinas - Unicamp,SISTEMA PORTÁTIL DE MEDIÇÃO DE SO2 LIVRE E TOTAL EM BEBIDAS E PROCESSO DE MEDIÇÃO DE SO2 LIVRE E TOTAL EM BEBIDAS,,saude_digital,105075,2010,UNIVERSIDADE DE SÃO PAULO,MAGVIEW 2.0,Inst T&M   -  Instrumentaçäo de Teste e Mediçäo,saude_digital
0.581104683444384,0.3537178187669272,0.6276675863641261,0.125,0,0,1,1,7.0,PI0205547   ,2002,Universidade Estadual Paulista Julio de Mesquita Filho,DISPOSITIVO LÚDICO PARA ENSINO SOBRE RECICLAGEM DE EMBALAGENS,,educacao_tecnologica,097123,2009,FACULDADE DE TECNOLOGIA DE JUNDIAÍ - CENTRO PAULA SOUZA,G.I.E. - GESTÃO DE INSTITUIÇÃO DE ENSINO,APLICATIVO -  APLICATIVOS,educacao_tecnologica
0.5729808940490237,0.31566845811278016,0.5897887118378488,0.14285714285714285,0,0,1,1,10.0,PI0705152   ,2007,Universidade Federal de Minas Gerais,MEDIÇÃO DO TEMPERAMENTO ANIMAL,,saude_digital,512017001199,2017,UNIVERSIDADE FEDERAL DE VIÇOSA,A2TECOTRIUSB,Inst T&M   -  Instrumentaçäo de Teste e Mediçäo,saude_digital
0.5729808940490237,0.31566845811278016,0.5897887118378488,0.14285714285714285,0,0,1,1,10.0,PI0705152   ,2007,Universidade Federal de Minas Gerais,MEDIÇÃO DO TEMPERAMENTO ANIMAL,,saude_digital,512017000733,2017,UNIVERSIDADE FEDERAL DE UBERLÂNDIA,ACTELABY,Inst T&M   -  Instrumentaçäo de Teste e Mediçäo,saude_digital
0.5679795076007945,0.3537178187669272,0.5623515392796468,0.125,0,0,1,1,7.0,PI0205549   ,2002,Universidade Estadual Paulista Julio de Mesquita Filho,DISPOSITIVO LÚDICO PARA ENSINO SOBRE A PRODUÇÃO DE LIXO,,educacao_tecnologica,097123,2009,FACULDADE DE TECNOLOGIA DE JUNDIAÍ - CENTRO PAULA SOUZA,G.I.E. - GESTÃO DE INSTITUIÇÃO DE ENSINO,APLICATIVO -  APLICATIVOS,educacao_tecnologica
0.5534978503803472,0.3801118622220102,0.5492272700903683,0.1,0,0,1,1,6.0,PI0803283   ,2008,Universidade Estadual de Maringá,SENSOR ELETRÔNICO PARA DETERMINAÇÃO DO TEOR DE ÁLCOOIS EM HIDROCARBONETOS,,industria_4_0,512014001578,2014,UNIVERSIDADE ESTADUAL DE LONDRINA,PRONTUÁRIO ELETRÔNICO ODONTOLÓGICO,APLICATIVO -  APLICATIVOS Controle   -  Controle,industria_4_0
0.546342175587768,0.2927093184387659,0.8080840472976178,0.08333333333333333,0,0,1,1,2.0,PI1003623   ,2010,UNIVERSIDADE FEDERAL DE SÃO PAULO - UNIFESP,MÉTODO E KIT DE DIAGNÓSTICO/PROGNÓSTICO DE GAMOPATIAS MONOCLONAIS MALIGNAS,,saude_digital,092273,2008,UNIVERSIDADE ESTADUAL PAULISTA JÚLIO DE MESQUITA FILHO UNESP,SISDTM - SISTEMA PARA DIAGNÓSTICO DAS DISFUNÇÕES TEMPOROMANDIBULARES (DTM),APLICATIVO -  APLICATIVOS,saude_digital
0.5425575646914482,0.3434143151566003,0.5693517470337173,0.1,0,0,1,1,7.0,PI0205548   ,2002,Universidade Estadual Paulista Julio de Mesquita Filho,DISPOSITIVO LÚDICO PARA ENSINO SOBRE RECICLAGEM E MANUTENÇÃO DO MEIO AMBIENTE,,educacao_tecnologica,097123,2009,FACULDADE DE TECNOLOGIA DE JUNDIAÍ - CENTRO PAULA SOUZA,G.I.E. - GESTÃO DE INSTITUIÇÃO DE ENSINO,APLICATIVO -  APLICATIVOS,educacao_tecnologica
0.5413193957594344,0.3308270212451113,0.7009996610154949,0.07692307692307693,0,0,1,1,5.0,PI0303200   ,2003,Universidade de São Paulo - USP,USO DE ANTÍGENO E CONJUNTO PARA DIAGNÓSTICO DE REABSORÇÃO DENTINÁRIA COMPREENDENDO ANTÍGENO,,saude_digital,092273,2008,UNIVERSIDADE ESTADUAL PAULISTA JÚLIO DE MESQUITA FILHO UNESP,SISDTM - SISTEMA PARA DIAGNÓSTICO DAS DISFUNÇÕES TEMPOROMANDIBULARES (DTM),APLICATIVO -  APLICATIVOS,saude_digital
0.5339446861751045,0.7752545825324033,0.10649492171152675,0.07692307692307693,1,1,1,1,3.0,PI0803439   ,2008,UNIVERSIDADE ESTADUAL DE CAMPINAS - UNICAMP,EQUIPAMENTO E MÉTODO DE MONITORAMENTO E CONTROLE DE PROCESSOS INDUSTRIAIS,,industria_4_0,126312,2011,UNIVERSIDADE ESTADUAL DE CAMPINAS - UNICAMP,CDPGIRB,Atm Indust -  Automaçäo Industrial Contr Proc -  Controle de Processos Instrument -  Instrumentaçäo,industria_4_0
0.5324988039950793,0.4235085162916228,0.42447332349573696,0.09090909090909091,0,0,1,1,5.0,PI0501389   ,2005,UNIVERSIDADE DE SÃO PAULO - USP,APARELHO ELETROMAGNÉTICO DE POSICIONAMENTO LINEAR COM DINAMOMETRIA E RESPECTIVO MÉTODO DE MEDIÇÃO,,saude_digital,105075,2010,UNIVERSIDADE DE SÃO PAULO,MAGVIEW 2.0,Inst T&M   -  Instrumentaçäo de Teste e Mediçäo,saude_digital
0.5187848897716546,0.7314447527348449,0.1704344627407206,0.03571428571428571,1,1,1,1,10.0,PI0501389   ,2005,UNIVERSIDADE DE SÃO PAULO - USP,APARELHO ELETROMAGNÉTICO DE POSICIONAMENTO LINEAR COM DINAMOMETRIA E RESPECTIVO MÉTODO DE MEDIÇÃO,,saude_digital,512015001485,2015,UNIVERSIDADE DE SÃO PAULO- USP,"SUBSISTEMA MULTIPLATAFORMA PARA CONTROLE DE AQUISIÇÃO, VISUALIZAÇÃO E ORGANIZAÇÃO DE DADOS DE  ESPECTRÔMETRO DIGITAL DE RM: TORM CONSOLE",Inst Analt -  Instrumentaçäo Analítica Inst Biomd -  Instrumentaçäo Biomédica Inst T&M   -  Instrumentaçäo de Teste e Mediçäo Instrument -  Instrumentaçäo Proc Imagem  -  Processamento de Imagem,saude_digital
0.5134873206205302,0.36992237254804516,0.42447332349573696,0.09090909090909091,0,0,1,1,7.0,PI0501389   ,2005,UNIVERSIDADE DE SÃO PAULO - USP,APARELHO ELETROMAGNÉTICO DE POSICIONAMENTO LINEAR COM DINAMOMETRIA E RESPECTIVO MÉTODO DE MEDIÇÃO,,saude_digital,136061,2012,UNIVERSIDADE ESTADUAL DE CAMPINAS - UNICAMP,IVSMB,Inst T&M   -  Instrumentaçäo de Teste e Mediçäo,saude_digital
0.5048243295047691,0.6509992929470514,0.2942017718347185,0.05263157894736842,1,1,0,1,4.0,PI1000482   ,2010,Universidade de São Paulo - USP,MÉTODO DE PREPARAÇÃO E USO DE NANOPARTÍCULAS DE ALFA HIDRÓXIDO DE NÍQUEL NA FORMA DE SOL E GEL,,geral,512014000676,2014,UNIVERSIDADE DE SÃO PAULO- USP,"""O USO DO AMBIENTE VIRTUAL DE APRENDIZAGEM NA EDUCAÇÃO DO CUIDADOR DE INDIVÍDUOS COM LESÃO MEDULAR""",APLICATIVO -  APLICATIVOS,educacao_tecnologica
0.5019979705146833,0.4121030185214753,0.4841142903907808,0.045454545454545456,0,0,1,1,2.0,PI1003750   ,2010,UNIVERSIDADE DE SÃO PAULO - USP,"MICRORGANISMOS RECOMBINANTES, MÉTODOS DE PREPARAÇÃO DE LINHAGENS VACINAIS, ANTÍGENOS, COMPOSIÇÕES VACINAIS VETORIZADAS, SEUS USOS, ANTICORPOS, KIT DE DIAGNÓSTICO E MÉTODOS DE TRATAMENTO E/OU PROFILAXIA",,saude_digital,092273,2008,UNIVERSIDADE ESTADUAL PAULISTA JÚLIO DE MESQUITA FILHO UNESP,SISDTM - SISTEMA PARA DIAGNÓSTICO DAS DISFUNÇÕES TEMPOROMANDIBULARES (DTM),APLICATIVO -  APLICATIVOS,saude_digital
0.49524541248153503,0.603966135633073,0.3004302301322552,0.05263157894736842,1,1,0,1,6.0,PI0703180   ,2007,UNIVERSIDADE FEDERAL DE VIÇOSA,PROCESSO PARA INDUÇÃO DA GERMINAÇÃO E PRODUÇÃO DE SEMENTES PRÉ-GERMINADAS DE MACAÚBA (Acrocomia aculeata (Jacq.) Lodd. ex. Mart),,agricultura_inteligente,512013000169,2013,UNIVERSIDADE FEDERAL DE VIÇOSA,REGULAÇÃO DA PRODUÇÃO FLORESTAL - RPF,Pesq Operac  -  Pesquisa Operacional,geral
0.4768454370843929,0.7312353730904478,0.29282295977112804,0.045454545454545456,1,1,1,0,1.0,PI0705152   ,2007,Universidade Federal de Minas Gerais,MEDIÇÃO DO TEMPERAMENTO ANIMAL,,saude_digital,076243,2006,UNIVERSIDADE FEDERAL DE MINAS GERAIS,GERIÁTRICO,Aplc Tcn Ct  -  Aplicaçöes Técnico-Científicas Aval Desemp  -  Avaliaçäo de Desempenho Gerenc Info  -  Gerenciador de Informaçöes Inst Biomd -  Instrumentaçäo Biomédica Inst T&M   -  Instrumentaçäo de Teste e Mediçäo,saude_digital
0.4753197707553099,0.7372140813089932,0.15828400933927333,0.058823529411764705,1,1,0,1,6.0,PI1000747   ,2010,Universidade Federal do Ceará,PROCEDIMENTOS DE PREPARAÇÃO DE ADITIVOS ORGANOFOSFORADOS OBTIDOS DA MODIFICAÇÃO QUÍMICA DO 5-n-PENTADECILRESORCINOL PARA APLICAÇÃO NOS SETORES INDUSTRIAIS,,geral,512016000868,2016,UNIVERSIDADE FEDERAL DO CEARA,CINÉTICA QUÍMICA - SOFTWARE EDUCACIONAL,APLICATIVO -  APLICATIVOS,educacao_tecnologica
0.4546937953088693,0.37791448257950366,0.40393338481281504,0.05,1,1,0,1,10.0,PI1002363   ,2010,Fundação Universidade de Brasília,"PROCESSO PARA A APLICAÇÃO DA TÉCNICA DE ADIÇÃO DE FIBRAS NATURAIS RENOVÁVEIS NA MELHORIA DE SOLOS, MISTURAS BETUMINOSAS E ARGAMASSAS E CONCRETOS DE CIMENTO PORTLAND",,agricultura_inteligente,512020001713,2020,FUNDAÇÃO UNIVERSIDADE DE BRASILIA,CORATICUM - Aplicação para Rastreamento da Interação Social,APLICATIVO -  APLICATIVOS,geral
0.4489939690944699,0.3460162199431084,0.3123556469912063,0.058823529411764705,0,0,1,1,10.0,PI0300940   ,2003,Universidade de São Paulo - USP,MÉTODO PARA OBTENÇÃO DE LINHAGENS DE CÉLULAS EUCARIÓTICAS SUBMETIDAS AO TRATAMENTO COM RNA HETERÓLOGO PARA PRODUÇÃO DE GLICOSE OXIDASE E LINHAGEM DE CÉLULAS EUCARIÓTICAS SUBMETIDAS AO TRATAMENTO COM RNA HETERÓLOGO,,industria_4_0,512013001396,2013,FACULDADE DE TECNOLOGIA DE JUNDIAÍ - CENTRO PAULA SOUZA,SISCOPAC - SISTEMA DE CONTROLE DE PRODUÇÃO DE APARELHOS CELULARES,Controle   -  Controle Planejament  -  Planejamento,industria_4_0
0.44313612001939867,0.43775157844148316,0.20491209555884748,0.05555555555555555,0,0,1,1,8.0,PI0504056   ,2005,Universidade Estadual de Campinas - UNICAMP,"ALIMENTO FUNCIONAL, COMPOSIÇÃO PROBIÓTICA, COMPOSIÇÃO ALIMENTÍCIA E PROCESSO DE PRODUÇÃO DE ALIMENTO FUNCIONAL FERMENTADO A BASE DE SOJA, CONTENDO AGENTES PROBIÓTICOS E PREBIÓTICOS",,industria_4_0,512013001396,2013,FACULDADE DE TECNOLOGIA DE JUNDIAÍ - CENTRO PAULA SOUZA,SISCOPAC - SISTEMA DE CONTROLE DE PRODUÇÃO DE APARELHOS CELULARES,Controle   -  Controle Planejament  -  Planejamento,industria_4_0
0.43866216413780884,0.7514941565386204,0.13038963008745208,0.029411764705882353,1,1,0,1,9.0,MU9001240   ,2010,UNIVERSIDADE DE SÃO PAULO - USP,APERFEIÇOAMENTO INTRODUZIDO EM DISPOSITIVO PROVIDO DE ESCALA MILIMÉTRICA PARA MEDIÇÕES FACIAIS E TRATAMENTO REABILITADOR COM PRÓTESE OCULAR,,saude_digital,512019002369,2019,UNIVERSIDADE DE SÃO PAULO - USP,MODELO DE AVALIAÇÃO ECONÔMICA DE TECNOLOGIAS DE TRATAMENTO DE ÁGUA POR FILTRAÇÃO DIRETA,Aplc Tcn Ct  -  Aplicaçöes Técnico-Científicas Contabiliz -  Contabiliz Interf E&S -  Interface de Entrada e Saída Planejament  -  Planejamento Planil Elet  -  Planilhas Eletrônicas,educacao_tecnologica
0.43755296860057963,0.6940534763372417,0.279915289267591,0.08333333333333333,1,1,0,0,1.0,PI0200365   ,2002,Universidade Estadual de Campinas - Unicamp,ESPECTROMETRIA DE MASSAS POR INTRODUÇÃO VIA FIBRA,,geral,038540,2001,UNIVERSIDADE ESTADUAL DE CAMPINAS - UNICAMP,SINALIZAÇÃO HORMONAL VIA AMPC,Simul & Mod  -  Simulaçäo e Modelagem,geral
0.43649346794980787,0.5334709465281401,0.20490389186134406,0.043478260869565216,1,1,0,1,7.0,PI0700860   ,2007,Universidade de São Paulo - USP,"Forma farmacêutica na forma de uma microesfera de PSS recoberta com DODAB e biomolécula com carga oposta à camada de DODAB, composição farmacêutica, medicamento, e uso da forma farmacêutica",,saude_digital,512014000676,2014,UNIVERSIDADE DE SÃO PAULO- USP,"""O USO DO AMBIENTE VIRTUAL DE APRENDIZAGEM NA EDUCAÇÃO DO CUIDADOR DE INDIVÍDUOS COM LESÃO MEDULAR""",APLICATIVO -  APLICATIVOS,educacao_tecnologica
0.4356903342315681,0.4636986340108097,0.2481271405847585,0.09090909090909091,0,0,0,1,0.0,MU8403422   ,2004,Universidade Estadual Paulista Júlio de Mesquita Filho,DISPOSIÇÃO CONSTRUTIVA INTRODUZIDA EM DOSÍMETRO PIROELÉTRICO PARA A FAIXA DE MAMOGRAFIA,,energia,057836,2004,UNIVERSIDADE FEDERAL DE SÃO PAULO,GERENCIADOR DE QUALIDADE EM MAMOGRAFIA,APLICATIVO -  APLICATIVOS,geral
0.43488265760767586,0.18201447492212755,0.8031435557601792,0.1,0,0,0,1,0.0,PI0404090   ,2004,UNIVERSIDADE ESTADUAL DE CAMPINAS - UNICAMP,PROCESSO PARA MEDIDA OBJETIVA DE QUALIDADE DE SINAIS DE ÁUDIO - MOQA,,geral,057836,2004,UNIVERSIDADE FEDERAL DE SÃO PAULO,GERENCIADOR DE QUALIDADE EM MAMOGRAFIA,APLICATIVO -  APLICATIVOS,geral
0.4347698796699623,0.24496274250328373,0.4307871062719444,0.125,0,0,0,1,5.0,PI0802370   ,2008,Universidade Estadual de Campinas - Unicamp,PROCESSO E EQUIPAMENTO DE PRODUÇÃO DE BIOCOMBUSTÍVEIS,,geral,512013001396,2013,FACULDADE DE TECNOLOGIA DE JUNDIAÍ - CENTRO PAULA SOUZA,SISCOPAC - SISTEMA DE CONTROLE DE PRODUÇÃO DE APARELHOS CELULARES,Controle   -  Controle Planejament  -  Planejamento,industria_4_0
0.4314057985270986,0.16562941798082648,0.7379025314877091,0.11764705882352941,0,0,0,1,7.0,MU8801510   ,2008,"Serviço Nacional de Aprendizagem Industrial - Senai, Departamento Regional de São Paulo","DISPOSITIVO PARA PROPORCIONAR INDEPENDÊNCIA RELACIONADA COM A ENTRADA E SAÍDA DE VEÍCULOS AUTOMOTORES, APLICADO PARA MOTORISTAS PORTADORES DA NECESSIDADE ESPECIAL PARAPLEGIA",,geral,512015001189,2015,FUNDAÇÃO UNIVERSIDADE FEDERAL DO ABC,CDMR FREQUENCY,Interf E&S -  Interface de Entrada e Saída,geral
0.4251391960420089,0.2281656392204888,0.5492272700903683,0.1,0,0,0,1,5.0,PI0803283   ,2008,Universidade Estadual de Maringá,SENSOR ELETRÔNICO PARA DETERMINAÇÃO DO TEOR DE ÁLCOOIS EM HIDROCARBONETOS,,industria_4_0,512013000486,2013,UNIVERSIDADE ESTADUAL DE LONDRINA,PRONTUÁRIO ELETRÔNICO ODONTOLÓGICO,APLICATIVO -  APLICATIVOS,geral
0.42463785059480263,0.26303263602216137,0.5657686161014529,0.07692307692307693,0,0,0,1,5.0,PI0806141   ,2008,"Universidade Estadual Paulista ""Júlio de Mesquita Filho""",LEVEDURA GENETICAMENTE CONSTRUÍDA PARA A PRODUÇÃO DE ETANOL COMBUSTÍVEL EM CONDIÇÕES DE ESTRESSE,,energia,512013001396,2013,FACULDADE DE TECNOLOGIA DE JUNDIAÍ - CENTRO PAULA SOUZA,SISCOPAC - SISTEMA DE CONTROLE DE PRODUÇÃO DE APARELHOS CELULARES,Controle   -  Controle Planejament  -  Planejamento,industria_4_0
0.42224000109354975,0.19817622140020572,0.48993718084923676,0.125,0,0,0,1,10.0,PI1002828   ,2010,Universidade Federal do Paraná - UFPR,DISPOSITIVO CIRÚRGICO FACOFRAGMENTADOR MANUAL,,geral,512020000020,2020,UNIVERSIDADE FEDERAL DO PARANA,AVALIA TIS - PACIENTE CIRÚRGICO,APLICATIVO -  APLICATIVOS,saude_digital
0.4209698358420348,0.20313824253701784,0.41203344918672324,0.09090909090909091,1,1,0,1,10.0,PI1001279   ,2010,Fundação Universidade de Brasília,PROCESSO PARA A APLICAÇÃO DE TÉCNICA DE BIOMINERALIZAÇÃO NA MELHORIA DE SOLOS,,agricultura_inteligente,512020001713,2020,FUNDAÇÃO UNIVERSIDADE DE BRASILIA,CORATICUM - Aplicação para Rastreamento da Interação Social,APLICATIVO -  APLICATIVOS,geral
0.42022781813782195,0.8882192877785838,0.0022248636651591713,0.0,1,1,1,1,5.0,PI0903935   ,2009,UNIVERSIDADE ESTADUAL DE CAMPINAS - UNICAMP,SISTEMA DE SÍNTESE DE ANIMAÇÃO FACIAL POR COMPUTADOR BASEADA NA MANIPULAÇÃO DE IMAGENS,,educacao_tecnologica,512014001411,2014,UNIVERSIDADE ESTADUAL DE CAMPINAS - UNICAMP,FLEXMONITORWS,Adm Dispost  -  Administrador de Dispositivos Aval Desemp  -  Avaliaçäo de Desempenho Ferrm Apoio  -  Ferramenta de Apoio Man Intg Dd  -  Manutençäo da Integridade dos Dados Monitor TP -  Monitores de Teleprocessamento,educacao_tecnologica
0.41927751959919435,0.4019740621530402,0.2241796083955414,0.1,0,0,0,1,7.0,PI0605464   ,2006,Universidade Estadual de Campinas - UNICAMP,MÉTODO PARA PREDIÇÃO DE DERIVADOS DE PETRÓLEO E PRODUÇÃO DE SEUS DERIVADOS,,geral,512013001396,2013,FACULDADE DE TECNOLOGIA DE JUNDIAÍ - CENTRO PAULA SOUZA,SISCOPAC - SISTEMA DE CONTROLE DE PRODUÇÃO DE APARELHOS CELULARES,Controle   -  Controle Planejament  -  Planejamento,industria_4_0
0.4188907591259854,0.43191397130289244,0.29529320531560976,0.06666666666666667,0,0,0,1,2.0,PI1101952   ,2011,UNIVERSIDADE ESTADUAL DE CAMPINAS - UNICAMP,PROCESSO DE OBTENÇÃO DE ATORVASTATINA CÁLCICA UTILIZANDO NOVOS INTERMEDIÁRIOS E ATORVASTATINA ASSIM OBTIDA,,geral,512013001397,2013,FACULDADE DE TECNOLOGIA DE JUNDIAÍ - CENTRO PAULA SOUZA,SISTEMA DE CONTROLE DE ACESSO UTILIZANDO PLATAFORMA ARDUINO,Interf E&S -  Interface de Entrada e Saída,industria_4_0
0.4174333478847708,0.14574183183093478,0.7379025314877091,0.11764705882352941,0,0,0,1,10.0,MU8801510   ,2008,"Serviço Nacional de Aprendizagem Industrial - Senai, Departamento Regional de São Paulo","DISPOSITIVO PARA PROPORCIONAR INDEPENDÊNCIA RELACIONADA COM A ENTRADA E SAÍDA DE VEÍCULOS AUTOMOTORES, APLICADO PARA MOTORISTAS PORTADORES DA NECESSIDADE ESPECIAL PARAPLEGIA",,geral,512018001208,2018,FUNDAÇÃO UNIVERSIDADE FEDERAL DO ABC- UFABC,CDMR FREQUENCY 2.0,Interf E&S -  Interface de Entrada e Saída,geral
0.4150186503271512,0.7956631506395792,0.17938110934726736,0.08,1,1,0,0,2.0,PI0904913   ,2009,Universidade Federal de Lavras,SISTEMA PARA ANÁLISE DE VIABILIDADE DE SÊMEN DE VERTEBRADOS POR MEIO DE PROCESSAMENTO DE IMAGENS,,geral,122550,2011,UNIVERSIDADE FEDERAL DE LAVRAS,ANÁLISE GEO DE VAZÃO DE OUTORGA,Aplc Tcn Ct  -  Aplicaçöes Técnico-Científicas Gerad Gráfc  -  Geradores de Gráficos Proc Imagem  -  Processamento de Imagem Sist Especl  -  Sistemas Especialistas,geral
0.4124072830433415,0.26435949695482824,0.46436594442453094,0.08333333333333333,0,0,0,1,5.0,PI0804889   ,2008,UNIVERSIDADE ESTADUAL DE CAMPINAS - UNICAMP,PROCESSO DE PRODUÇÃO DE CONJUGADOS DE INTERFERON COM ÓXIDOS DE POLIALQUILENOS E SEUS USOS,,geral,512013001396,2013,FACULDADE DE TECNOLOGIA DE JUNDIAÍ - CENTRO PAULA SOUZA,SISCOPAC - SISTEMA DE CONTROLE DE PRODUÇÃO DE APARELHOS CELULARES,Controle   -  Controle Planejament  -  Planejamento,industria_4_0
0.40571338517923583,0.5659186871098856,0.21767780788956925,0.04,0,0,0,1,1.0,PI0602094   ,2006,Universidade Estadual de Campinas - UNICAMP,COMPOSIÇÃO MEDICAMENTOSA A BASE DE CASEARIA SYLVESTRIS E USO DE COMPOSIÇÃO MEDICAMENTOSA A BASE DE CASEARIA SYLVESTRIS,,saude_digital,083984,2007,UNIVERSIDADE DE SÃO PAULO,VOCABULÁRIO CONTROLADO USP: BASE DE DADOS DE DESCRITORES EM LÍNGUA PORTUGUESA PARA INDEXAÇÃO E RECUPERAÇÃO DA INFORMAÇÃO,APLICATIVO -  APLICATIVOS Dicion Dad -  Dicionário de Dados Gerenc Info  -  Gerenciador de Informaçöes,geral
0.4049057127324316,0.24656289016158847,0.4312767345337607,0.09090909090909091,0,0,0,1,5.0,PI1003905   ,2010,Universidade Federal da Bahia,MÉTODO PARA MONITORAR DEGRADAÇÃO ESTRUTURAL E FALHAS EM MATERIAIS E DISPOSITIVO SENSOR,,industria_4_0,512015001183,2015,"INSTITUTO FEDERAL DE EDUCAÇÃO, CIÊNCIA E TECNOLOGIA DA BAHIA",CONCRETRAÇO - DOSAGEM DE CONCRETO ESTRUTURAL,APLICATIVO -  APLICATIVOS,geral
0.4045837304641984,0.34168643100200047,0.39583785362495183,0.05555555555555555,0,0,0,1,4.0,PI0803635   ,2008,Universidade Federal do Ceará - UFC,SISTEMA PARA TRANSPORTE DE GÁS NATURAL ADSORVIDO E MÉTODOS DE OPERAÇÃO DE ARMAZENAMENTO,,geral,130674,2012,"INSTITUTO FEDERAL DE EDUCAÇÃO , CIÊNCIA E TECNOLOGIA DO CEARÁ - IFCE",CONSULTOR VIRTUAL DE COMPRAS,Atm Comerc -  Automaçäo Comercial Conv Arq   -  Conversor Meios de Armazenamento,industria_4_0
0.4039695329266787,0.5966329396778737,0.16469085912087478,0.05263157894736842,0,0,0,1,9.0,PI0401502   ,2004,Universidade Federal do Rio de Janeiro - UFRJ,"COMPÓSITOS DE PET E CARGAS LIGNINOCELULÓSICAS, PROCESSOS PARA SUA PREPARAÇÃO E OBJETO MOLDADO CONTENDO TAL COMPÓSITO",,geral,512013001024,2013,UNIVERSIDADE DO ESTADO DO RIO DE JANEIRO,SIBIC - SISTEMA INDIVIDUAL DE BOLSAS DE INICIAÇÃO CIENTÍFICA,Contr Proc -  Controle de Processos,industria_4_0
0.4017487558176475,0.8685612204428208,0.07296375825838353,0.0,1,1,0,1,6.0,PI0903122   ,2009,Universidade Federal da Paraiba,APARELHO PARA AFERIR A CAPACIDADE VISUAL DE ANIMAIS DE LABORATÓRIO EM CONDIÇÕES DIVERSAS,,cidades_inteligentes,512015000682,2015,UNIVERSIDADE FEDERAL DA PARAÍBA,RASTREIO DE CÂNCER DE BOCA,APLICATIVO -  APLICATIVOS,geral
0.40102596332697643,0.8808278256475373,0.06851282250658042,0.0,1,1,0,1,7.0,PI0700830   ,2007,Universidade Estadual de Maringá,PROCESSO DE OBTENÇÃO E ARMAZENAMENTO DE FARINHA DE MIÚDOS DE FRANGO,,geral,512014001544,2014,UNIVERSIDADE ESTADUAL DE MARINGÁ,"GESCOMP-GESTÃO ESTRATÉGICA DE COMPRAS,ORÇAMENTO,MATERIAL E PATRIMÔNIO",APLICATIVO -  APLICATIVOS,geral
0.4009381892520999,0.5309915556270909,0.2141628911265987,0.045454545454545456,0,0,0,1,7.0,PI0601585   ,2006,Empresa Brasileira de Pesquisa Agropecuária - EMBRAPA,"MÉTODO DE BIOCONTROLE DE INSETOS DAS ORDENS COLEOPTERA E LEPDOPTERA, BACULOVÍRUS RECOMBINANTE, POLIPEPTÍDEO CODIFICADO PELO BACULOVÍRUS, CONSTRUCTO DE DNA E PLANTA TRANSGÊNICA COM ATIVIDADE BIOINSETICIDA",,agricultura_inteligente,512013000724,2013,FUNDAÇÃO UNIVERSIDADE DE BRASÍLIA,PROGRAMA DE AQUISIÇÃO DE DADOS PELO MÉTODO RANKINE MODIFICADO,Instrument -  Instrumentaçäo,geral
0.40075691355382137,0.8035739823195096,0.1089466625575638,0.03333333333333333,1,1,1,0,10.0,PI0602414   ,2006,Universidade Estadual de Campinas - UNICAMP,MANÔMETRO DE PEQUENA ESCALA PARA AVALIAÇÃO DE INDICADORES DO TÔNUS MUSCULAR DE RECÉM-NASCIDOS,,educacao_tecnologica,512016000902,2016,UNIVERSIDADE ESTADUAL DE CAMPINAS - UNICAMP,STOCKMOS - STOCK MARKET OPERATION SYSTEM,APLICATIVO -  APLICATIVOS Aval Desemp  -  Avaliaçäo de Desempenho Ferrm Apoio  -  Ferramenta de Apoio Gerenc Info  -  Gerenciador de Informaçöes Intlg Artf -  Inteligência Artificial,educacao_tecnologica
0.4006406105539768,0.5165297385941224,0.2531660435551306,0.034482758620689655,0,0,0,1,4.0,PI0301776   ,2003,Universidade Estadual de Campinas - Unicamp,"SENSOR AMPEROMÉTRICO PARA DOPAMINA E ANÁLOGOS, A BASE DE CATALISADORES BIOMIMÉTICOS IMOBILIZADOS EM MEMBRANA DE NAFION",,industria_4_0,083984,2007,UNIVERSIDADE DE SÃO PAULO,VOCABULÁRIO CONTROLADO USP: BASE DE DADOS DE DESCRITORES EM LÍNGUA PORTUGUESA PARA INDEXAÇÃO E RECUPERAÇÃO DA INFORMAÇÃO,APLICATIVO -  APLICATIVOS Dicion Dad -  Dicionário de Dados Gerenc Info  -  Gerenciador de Informaçöes,geral
0.3998029840417547,0.8812354337257577,0.0663023815142717,0.0,1,1,0,1,9.0,PI0701709   ,2007,UNIVERSIDADE DE SÃO PAULO - USP,PROCESSO PARA FABRICAÇÃO DE COMPÓSITO DE NANOTUBOS DE CARBONO E FELTRO DE CARBONO E COMPÓSITO DE NANOTUBOS DE CARBONO E FELTRO DE CARBONO,,geral,512016000254,2016,UNIVERSIDADE DE SÃO PAULO - USP,APLICATIVO (APP) DO TESTE DE FOTOS DE PROFISSÕES (BBT-BR),APLICATIVO -  APLICATIVOS,geral
0.39925767715042937,0.7263345780572661,0.12114961510445366,0.04,1,1,1,0,9.0,PI0205548   ,2002,Universidade Estadual Paulista Julio de Mesquita Filho,DISPOSITIVO LÚDICO PARA ENSINO SOBRE RECICLAGEM E MANUTENÇÃO DO MEIO AMBIENTE,,educacao_tecnologica,115665,2011,UNIVERSIDADE ESTADUAL PAULISTA JÚLIO DE MESQUITA FILHO,SOFTWARE DE ENSINO DE PLUVIOMETRIA (SEP),APLICATIVO -  APLICATIVOS Aplc Tcn Ct  -  Aplicaçöes Técnico-Científicas Entrtmnto  -  Entretenimento Ferrm Apoio  -  Ferramenta de Apoio Simuladores  -  Simuladores Destinados ao Lazer,educacao_tecnologica
0.397633095613437,0.9009858672251048,0.057778698271441664,0.0,1,1,0,1,7.0,PI1000747   ,2010,Universidade Federal do Ceará,PROCEDIMENTOS DE PREPARAÇÃO DE ADITIVOS ORGANOFOSFORADOS OBTIDOS DA MODIFICAÇÃO QUÍMICA DO 5-n-PENTADECILRESORCINOL PARA APLICAÇÃO NOS SETORES INDUSTRIAIS,,geral,512017000624,2017,UNIVERSIDADE FEDERAL DO CEARA,FARMACOGNOSIA-SOFTWARE EDUCACIONAL,APLICATIVO -  APLICATIVOS,saude_digital
0.3975306350928498,0.4398332370748898,0.2962534069333005,0.04,0,0,0,1,9.0,PI0404588   ,2004,Universidade Estadual de Campinas - Unicamp,"PROCESSO DE PRODUÇÃO E UTILIZAÇÃO DE ESPONJAS DE FONTE RENOVÁVEL PARA A OBTENÇÃO DE RÉPLICAS INORGÂNICAS DE MORFOLOGIA COMPLEXA DE CARBONATO DE CÁLCIO, HIDROXIAPATITA E ÓXIDO DE FERRO, RÉPLICAS INORGÂNICAS ASSIM OBTIDAS E SEUS RESPECTIVOS PÓS",,geral,512013001396,2013,FACULDADE DE TECNOLOGIA DE JUNDIAÍ - CENTRO PAULA SOUZA,SISCOPAC - SISTEMA DE CONTROLE DE PRODUÇÃO DE APARELHOS CELULARES,Controle   -  Controle Planejament  -  Planejamento,industria_4_0
0.3972865936745167,0.23162974055092644,0.4647080127950147,0.08333333333333333,0,0,0,1,9.0,C19805166   ,2004,UNIVERSIDADE ESTADUAL DE CAMPINAS - UNICAMP,PRODUÇÃO DE PEPTÍDEOS RECOMBINANTES EM SEMENTES DE PLANTAS MONOCOTILEDÔNEAS TRANSGÊNICAS,,agricultura_inteligente,512013001396,2013,FACULDADE DE TECNOLOGIA DE JUNDIAÍ - CENTRO PAULA SOUZA,SISCOPAC - SISTEMA DE CONTROLE DE PRODUÇÃO DE APARELHOS CELULARES,Controle   -  Controle Planejament  -  Planejamento,industria_4_0
0.39710026825654804,0.7596003593442628,0.09668234644236884,0.0,1,1,0,1,6.0,PI1000747   ,2010,Universidade Federal do Ceará,PROCEDIMENTOS DE PREPARAÇÃO DE ADITIVOS ORGANOFOSFORADOS OBTIDOS DA MODIFICAÇÃO QUÍMICA DO 5-n-PENTADECILRESORCINOL PARA APLICAÇÃO NOS SETORES INDUSTRIAIS,,geral,512016000869,2016,UNIVERSIDADE FEDERAL DO CEARA,SOLUÇÕES QUÍMICAS - SOFTWARE EDUCACIONAL,APLICATIVO -  APLICATIVOS,educacao_tecnologica
0.39704408329753704,0.06101972588501416,0.8756359912495204,0.1,0,0,1,1,13.0,PI0913255   ,2009,Serviço Nacional de Aprendizagem Industrial do Paraná - SENAI/PR,PROCESSO CONSTRUTIVO PARA ARQUITETURA DE ESTOFADOS COM DESENHO INDUSTRIAL AGREGADO,,industria_4_0,512022001398,2022,UNIVERSIDADE TECNOLOGICA FEDERAL DO PARANA,PA-FPLC,Atm Indust -  Automaçäo Industrial,industria_4_0
0.396729789049514,0.06101972588501416,0.871226854392447,0.1,0,0,1,1,11.0,PI0913255   ,2009,Serviço Nacional de Aprendizagem Industrial do Paraná - SENAI/PR,PROCESSO CONSTRUTIVO PARA ARQUITETURA DE ESTOFADOS COM DESENHO INDUSTRIAL AGREGADO,,industria_4_0,512020000833,2020,UNIVERSIDADE TECNOLOGICA FEDERAL DO PARANA,SAO_FF,Atm Indust -  Automaçäo Industrial,industria_4_0
0.39571651935368546,0.2553439391200472,0.32604767497903253,0.1,0,0,0,1,5.0,PI0805482   ,2008,UNIVERSIDADE ESTADUAL DE CAMPINAS - UNICAMP,"PROCESSO DE PRODUÇÃO DAS LIGAS METÁLICAS Al-Si-Mg-Cu, LIGAS METÁLICAS Al-Si-Mg-Cu OBTIDAS PELO PROCESSO",,geral,512013001396,2013,FACULDADE DE TECNOLOGIA DE JUNDIAÍ - CENTRO PAULA SOUZA,SISCOPAC - SISTEMA DE CONTROLE DE PRODUÇÃO DE APARELHOS CELULARES,Controle   -  Controle Planejament  -  Planejamento,industria_4_0
0.39571651935368546,0.2553439391200472,0.32604767497903253,0.1,0,0,0,1,5.0,PI0805450   ,2008,UNIVERSIDADE ESTADUAL DE CAMPINAS - UNICAMP,"PROCESSO DE PRODUÇÃO DAS LIGAS METÁLICAS Al-Si-Mg-Cu, LIGAS METÁLICAS Al-Si-Mg-Cu OBTIDAS PELO PROCESSO",,geral,512013001396,2013,FACULDADE DE TECNOLOGIA DE JUNDIAÍ - CENTRO PAULA SOUZA,SISCOPAC - SISTEMA DE CONTROLE DE PRODUÇÃO DE APARELHOS CELULARES,Controle   -  Controle Planejament  -  Planejamento,industria_4_0
0.3955823487894753,0.268798691308817,0.5735761414468049,0.04,0,0,0,1,10.0,PI1000444   ,2010,UNIVERSIDADE DE SÂO PAULO - USP,SISTEMA DE DESENVOLVIMENTO DE ALTERAÇÕES POSITIVAS OU NEGATIVAS DE PRESSÃO COM CÂMARAS HIPERBÁRICAS E HIPOBÁRICAS SIMULTÂNEAS PARA HUMANOS OU ANIMAIS DE DIVERSOS TAMANHOS E RESPECTIVO PROCESSO DE OPERAÇÃO,,geral,512020000591,2020,UNIVERSIDADE ESTADUAL DE CAMPINAS - UNICAMP,ALLERGENIE®: DESENVOLVIMENTO DE APLICATIVO PARA SMARTPHONE CONTENDO ESCORES CLÍNICOS EM ALERGIA E IMUNOLOGIA PEDIÁTRICA,APLICATIVO -  APLICATIVOS,saude_digital
0.3952509478314263,0.9059632116960625,0.05266970840816232,0.0,1,1,0,1,1.0,PI0902241   ,2009,Universidade Federal de Lavras,ALIMENTO FUNCIONAL COM ALTO TEOR DE VITAMINA B12 E BIODISPONIBILIDADE DE ISOFLAVONAS,,geral,115811,2010,UNIVERSIDADE FEDERAL DE LAVRAS,CALCSILOS - DIMENSIONAMENTO DE SILO MULTICELULAR DE CONCRETO,Dicion Dad -  Dicionário de Dados Ent Val Dad  -  Entrada e Validaçäo da Dados Gerad Gráfc  -  Geradores de Gráficos Interf Com -  Interface de Comunicaçäo Ling N Prcd  -  Linguagem Näo Procedural,geral
0.3946121220706546,0.4756223454999688,0.24027876672848025,0.0,1,1,0,1,10.0,MU8600280   ,2006,Fundação Universidade de Brasília,UMIDIFICADOR CAPILAR-EVAPORATIVO PARA AMBIENTES,,geral,512016000240,2016,FUNDAÇÃO UNIVERSIDADE DE BRASÍLIA,MEU REBANHO,Controle   -  Controle,industria_4_0
0.3924105853553656,0.011231865871201271,0.5557383638950968,0.25,0,0,1,1,10.0,PI0804286   ,2008,Universidade Federal Rural de Pernambuco,MICROASPERSOR PARA SISTEMAS DE IRRIGAÇÃO,,agricultura_inteligente,512018051749,2018,"INSTITUTO FEDERAL DE EDUCAÇÃO, CIÊNCIA E TECNOLOGIA GOIANO","Interface de gerenciamento, armazenamento e controle para sistemas de irrigação",Interf E&S -  Interface de Entrada e Saída,agricultura_inteligente
0.39215056876036974,0.9008474984393458,0.04877122894226449,0.0,1,1,0,1,7.0,PI0900450   ,2009,UNIVERSIDADE FEDERAL DO RIO GRANDE DO SUL - UFRGS,"CONSTRUÇÃO GÊNICA, PROCESSO PARA MODULAR A RESPOSTA OXIDATIVA EM ARROZ, PROCESSO PARA MODULAR A TOLERÂNCIA DE PLANTAS DE ALUMÍNIO",,agricultura_inteligente,512016001236,2016,UNIVERSIDADE FEDERAL DO RIO GRANDE DO SUL-UFRGS,COLISEU - COLETA E ANÁLISE DE EXPERIÊNCIA DE USUÁRIOS (GATEWAY),Ger de Rede  -  Gerenciador de Rede de Comunicaçäo de Dados,geral
0.3905280286301903,0.2797920038291598,0.3761874273855994,0.07142857142857142,0,0,0,1,0.0,PI0804894   ,2008,Universidade Federal de São Paulo - UNIFESP,"PROCESSO IN VITRO DE AVALIAÇÃO DA FERTILIDADE DE MAMÍFEROS, KIT DE DIAGNÓSTICO E MARCADORES MOLECULARES DE FERTILIDADE",,educacao_tecnologica,092273,2008,UNIVERSIDADE ESTADUAL PAULISTA JÚLIO DE MESQUITA FILHO UNESP,SISDTM - SISTEMA PARA DIAGNÓSTICO DAS DISFUNÇÕES TEMPOROMANDIBULARES (DTM),APLICATIVO -  APLICATIVOS,saude_digital
0.3905280286301903,0.2797920038291598,0.3761874273855994,0.07142857142857142,0,0,0,1,0.0,PI0804358   ,2008,Universidade Federal de São Paulo - UNIFESP,"PROCESSO IN VITRO DE AVALIAÇÃO DA FERTILIDADE DE MAMÍFEROS, KIT DE DIAGNÓSTICO E MARCADORES MOLECULARES DE FERTILIDADE",,educacao_tecnologica,092273,2008,UNIVERSIDADE ESTADUAL PAULISTA JÚLIO DE MESQUITA FILHO UNESP,SISDTM - SISTEMA PARA DIAGNÓSTICO DAS DISFUNÇÕES TEMPOROMANDIBULARES (DTM),APLICATIVO -  APLICATIVOS,saude_digital
0.389844883872993,0.280632889726839,0.4096959348023945,0.0625,0,0,0,1,5.0,PI0801816   ,2008,Universidade Estadual de Campinas - Unicamp,PROCESSO PARA PRODUÇÃO DE PÃO UTILIZANDO FARINHA DE TRIGO DE GRÃO INTEIRO E ENZIMAS XILANASE E GLICOSE OXIDASE,,geral,512013001396,2013,FACULDADE DE TECNOLOGIA DE JUNDIAÍ - CENTRO PAULA SOUZA,SISCOPAC - SISTEMA DE CONTROLE DE PRODUÇÃO DE APARELHOS CELULARES,Controle   -  Controle Planejament  -  Planejamento,industria_4_0
0.3895735104251654,0.23726642276781348,0.53079410208319,0.058823529411764705,0,0,0,1,9.0,PI0706183   ,2007,Universidade Federal de Santa Maria - NIT/NÚCLEO DE INOVAÇÃO E TRANSFERÊNCIA DE TECNOLOGIA,MÉTODO PARA DISCRIMINAÇÃO DE BOVINOS DE MAIOR PRECOCIDADE SEXUAL A PARTIR DA COLETA DE TECIDOS OU DE CÉLULAS FETAIS,,cidades_inteligentes,512016001237,2016,UNIVERSIDADE FEDERAL DO RIO GRANDE DO SUL-UFRGS,COLISEU - COLETA E ANÁLISE DE EXPERIÊNCIA DE USUÁRIOS (COLETOR),APLICATIVO -  APLICATIVOS,geral
0.3891673629272482,0.9351659621724361,0.03656413795242974,0.0,1,1,0,1,10.0,PI0805712   ,2008,Universidade Federal do Paraná,PROCESSO DE OBTENÇÃO DE ÉSTERES DE ÁCIDOS GRAXOS POR CATÁLISE HETEROGÊNEA EMPREGANDO CARBOXILATOS METÁLICOS LAMELARES,,geral,512018000268,2018,UNIVERSIDADE FEDERAL DO PARANA,App Saúde Bucal,APLICATIVO -  APLICATIVOS,saude_digital
0.38894457502401875,0.9275905627299104,0.03779538507411884,0.0,1,1,0,1,6.0,PI1003750   ,2010,UNIVERSIDADE DE SÃO PAULO - USP,"MICRORGANISMOS RECOMBINANTES, MÉTODOS DE PREPARAÇÃO DE LINHAGENS VACINAIS, ANTÍGENOS, COMPOSIÇÕES VACINAIS VETORIZADAS, SEUS USOS, ANTICORPOS, KIT DE DIAGNÓSTICO E MÉTODOS DE TRATAMENTO E/OU PROFILAXIA",,saude_digital,512016000254,2016,UNIVERSIDADE DE SÃO PAULO - USP,APLICATIVO (APP) DO TESTE DE FOTOS DE PROFISSÕES (BBT-BR),APLICATIVO -  APLICATIVOS,geral
0.38873583470129536,0.9421836519011612,0.034458765835036154,0.0,1,1,0,1,6.0,PI0902588   ,2009,Universidade Federal de Goiás,ASSOCIAÇÃO DE FUNGOS DE DECOMPOSIÇÃO BRANCA AO PROCESSO DE FILTRAÇÃO LENTA,,geral,512015000528,2015,UNIVERSIDADE FEDERAL DE GOIÁS,ARFC - APLICAÇÃO DE REGRA E FINALIZAÇÃO DE CIRCUITO,Com Dados  -  Comunicaçäo de Dados,geral
0.38846396182266396,0.15886124242658484,0.5655841507066678,0.1,0,0,0,1,10.0,PI0304014   ,2003,Universidade Estadual de Campinas - UNICAMP,MÉTODO PARA AUMENTAR A PRODUÇÃO DE DAIDZEÍNA E GENISTEÍNA EM SOJA,,geral,512013001396,2013,FACULDADE DE TECNOLOGIA DE JUNDIAÍ - CENTRO PAULA SOUZA,SISCOPAC - SISTEMA DE CONTROLE DE PRODUÇÃO DE APARELHOS CELULARES,Controle   -  Controle Planejament  -  Planejamento,industria_4_0
0.3880462878684985,0.17325651894033212,0.6064801384047844,0.08333333333333333,0,0,0,1,3.0,PI0803354   ,2008,Instituto Nacional de Tecnologia,PROCESSO PARA O PRÉ-TRATAMENTO DE BIOMASSA LIGNOCELULÓSICA,,geral,117203,2011,UNIVERSIDADE FEDERAL FLUMINENSE - UFF,PROCESSADOR XTEMPLATE,Apoio Progm  -  Apoio à Programaçäo Ferrm Apoio  -  Ferramenta de Apoio Pré-Proces -  Pré-Processador,geral
0.3861008957472305,0.29136181558374724,0.33518140558804954,0.07142857142857142,0,0,0,1,5.0,PI0804394   ,2008,UNIVERSIDADE ESTADUAL DE CAMPINAS - UNICAMP,"PROCESSO DE PRODUÇÃO DE SEMENTES DE CAFÉ DESCAFEINADO, SEMENTE DE CAFÉ DESCAFEINADO, COMPOSIÇÃO MODIFICADORA DE SEMENTE DE CAFÉ, PROCESSO DE PRODUÇÃO DE ALIMENTOS A BASE DE SEMENTE DE CAFÉ DESCAFEINADO E ALIMENTOS A BASE DE SEMENTE DE CAFÉ DESCAFEINADO",,agricultura_inteligente,512013001396,2013,FACULDADE DE TECNOLOGIA DE JUNDIAÍ - CENTRO PAULA SOUZA,SISCOPAC - SISTEMA DE CONTROLE DE PRODUÇÃO DE APARELHOS CELULARES,Controle   -  Controle Planejament  -  Planejamento,industria_4_0
0.38603245920178925,0.9332816289140583,0.03210779660565288,0.0,1,1,0,1,7.0,PI0703095   ,2007,Universidade Estadual de Maringá,FORMULAÇÃO FARMACÊUTICA À BASE DA ESPÉCIE VEGETAL ARRABIDAEA CHICA PARA FOTOPROTEÇÃO E PIGMENTAÇÃO,,saude_digital,512014001544,2014,UNIVERSIDADE ESTADUAL DE MARINGÁ,"GESCOMP-GESTÃO ESTRATÉGICA DE COMPRAS,ORÇAMENTO,MATERIAL E PATRIMÔNIO",APLICATIVO -  APLICATIVOS,geral
0.3847902435653579,0.9430210286898715,0.028271926301797645,0.0,1,1,0,1,9.0,PI0605123   ,2006,"Instituto Federal de Educação, Ciência e Tecnologia da Bahia",AMÊNDOAS DE LICURI REVESTIDAS,,geral,512015001183,2015,"INSTITUTO FEDERAL DE EDUCAÇÃO, CIÊNCIA E TECNOLOGIA DA BAHIA",CONCRETRAÇO - DOSAGEM DE CONCRETO ESTRUTURAL,APLICATIVO -  APLICATIVOS,geral
0.38429773986786725,0.9439825474721666,0.027339785125646054,0.0,1,1,0,1,8.0,PI0704286   ,2007,Universidade Federal do Ceará,PROCESSO PARA O PREPARO DO ADUBO DE CARANGUEJO,,geral,512015001582,2015,UNIVERSIDADE FEDERAL DO CEARA,LISA-LUNG IMAGE SYSTEM ANALYSIS V1.0,Com Dados  -  Comunicaçäo de Dados Gerenc Info  -  Gerenciador de Informaçöes Ling Procd -  Linguagem Procedural Proc Imagem  -  Processamento de Imagem Sist Operac  -  Sistema Operacional,geral
0.3841358024133301,0.21999018268512688,0.6842146523007308,0.03571428571428571,0,0,0,1,8.0,PI0704888   ,2007,UNIVERSIDADE DE SÃO PAULO - USP,SUPORTE PARA INSTALAÇÃO DE ANTENAS EM PAREDES EXTERNAS DE EDIFÍCIOS,,geral,512015000034,2015,UNIVERSIDADE ESTADUAL PAULISTA JÚLIO DE MESQUITA FILHO - UNESP,FSER -  FERRAMENTA DE SUPORTE À ENGENHARIA DE REQUISITOS,CASE   -  Computer Aided Softw Engineering Ferrm Apoio  -  Ferramenta de Apoio Ferrm Desnv  -  Ferramentas de Suporte ao Desenvolv. de Sistemas Gerenc Info  -  Gerenciador de Informaçöes Sup Documt -  Suporte à Documentaçäo,geral
0.38394421428292114,0.20285664600871156,0.5634995680312365,0.06666666666666667,0,0,0,1,9.0,PI0706183   ,2007,Universidade Federal de Santa Maria - NIT/NÚCLEO DE INOVAÇÃO E TRANSFERÊNCIA DE TECNOLOGIA,MÉTODO PARA DISCRIMINAÇÃO DE BOVINOS DE MAIOR PRECOCIDADE SEXUAL A PARTIR DA COLETA DE TECIDOS OU DE CÉLULAS FETAIS,,cidades_inteligentes,512016001235,2016,UNIVERSIDADE FEDERAL DO RIO GRANDE DO SUL-UFRGS,COLISEU  - COLETA E ANÁLISE DE EXPERIÊNCIA DE USUÁRIOS (GERENTE),Controle   -  Controle,industria_4_0
0.38288438312011636,0.9439825474721666,0.025214322826300983,0.0,1,1,0,1,8.0,PI1005977   ,2010,UNIVERSIDADE FEDERAL DO RIO GRANDE DO SUL,CATALISADORES DE CROMO  E NÍQUEL PARA REAÇÕES DE OLIGOMERIZAÇÃO E PROCESSO PARA A OBTENÇÃO DE ALFA-OLEFINAS USANDO TAIS CATALISADORES,,geral,512018000819,2018,UNIVERSIDADE FEDERAL DO RIO GRANDE DO SUL,Rastreamento do Câncer do Colo do Útero,APLICATIVO -  APLICATIVOS,geral
0.38241670239599646,0.29838336689683587,0.6220121499058525,0.0,0,0,0,1,5.0,PI0900323   ,2009,UNIVERSIDADE ESTADUAL DE CAMPINAS - UNICAMP,CELA E PROCESSO PARA MEDIDA FOTOMÉTRICA,,geral,057836,2004,UNIVERSIDADE FEDERAL DE SÃO PAULO,GERENCIADOR DE QUALIDADE EM MAMOGRAFIA,APLICATIVO -  APLICATIVOS,geral
0.38172689023399303,0.9280692651593971,0.026575537033488805,0.0,1,1,0,1,2.0,PI0504717   ,2005,Universidade Estadual de Campinas - UNICAMP,CIRCUITO CONTROLADOR DE SEMÁFORO BASEADO NA LÓGICA MULTI-VALORES MVL,,cidades_inteligentes,050165,2003,UNIVERSIDADE ESTADUAL DE CAMPINAS - UNICAMP,CICLO DE VIDA EM VEGETAIS,APLICATIVO -  APLICATIVOS Utilitários  -  Utilitários,geral
0.38157471429115963,0.9351229619575265,0.024962501728612918,0.0,1,1,0,1,9.0,PI0506316   ,2005,Universidade Estadual de Maringá,"HIDROGÉIS DE RÁPIDA SUPERABSORÇÃO CONSTITUÍDOS DE GOMA ARÁBICA, ACRILATOS E ACRILAMIDA",,geral,512014001173,2014,UNIVERSIDADE ESTADUAL DE MARINGÁ,SABIO - SISTEMA DE CONTROLE DE ACESSO POR BIOMETRIA,Automaçäo  -  Automaçäo Cont Acess -  Controle de Acessos Controle   -  Controle Gerenc Info  -  Gerenciador de Informaçöes Senha    -  Senha,industria_4_0
0.3811036876256695,0.28778549051164776,0.44397419892596723,0.041666666666666664,0,0,0,1,7.0,PI0303688   ,2003,Universidade Estadual de Campinas - UNICAMP,"DEMODULADOR DO DESVIO DE FASE ÓPTICO NÃO RECÍPROCO NUM SENSOR ÓPTICO INTERFEROMÉTRICO, VIA DETECÇÃO DOS VALORES DOS PICOS DA CORRENTE DETECTADA NO FOTODETECTOR ACOPLADO À SAÍDA DO INTERFERÔMETRO ÓPTICO",,industria_4_0,116753,2010,FACULDADE DE TECNOLOGIA DE JUNDIAÍ - CENTRO PAULA SOUZA,SISTEMA DE MEMÓRIA FERROVIÁRIA,APLICATIVO -  APLICATIVOS NÃO INFORMADO,geral
0.3810977246926574,0.0729769371808912,0.5293590789659587,0.1,0,0,1,1,16.0,PI0405886   ,2004,EMBRAPA - Empresa Brasileira de Pesquisa Agropecuária,Medidor hidrostático volumétrico de peixes e processo para medição volumétrica de peixes.,,saude_digital,512020001735,2020,FUNDAÇÃO UNIVERSIDADE DE BRASILIA,HIGROTERM v0.4,Inst T&M   -  Instrumentaçäo de Teste e Mediçäo,saude_digital
0.38053601809338455,0.28778549051164776,0.4411770958993233,0.041666666666666664,0,0,0,1,7.0,PI0303987   ,2003,Universidade Estadual de Campinas - UNICAMP,MEDIDA DE ESPESSURAS DE FILMES METÁLICOS ESPESSOS - QUE NÃO APRESENTAM MAIS CORRELAÇÃO ENTRE A INTENSIDADE DE RAIOS X E A ESPESSURA - UTILIZANDO ESPECTROMETRIA DE FLUORESCÊNCIA DE RAIOS X DE ENERGIA DISPERSIVA,,energia,116753,2010,FACULDADE DE TECNOLOGIA DE JUNDIAÍ - CENTRO PAULA SOUZA,SISTEMA DE MEMÓRIA FERROVIÁRIA,APLICATIVO -  APLICATIVOS NÃO INFORMADO,geral
0.38005956018877435,0.9410641193501288,0.021554865329457495,0.0,1,1,0,1,4.0,PI0203320   ,2002,Universidade Federal de Santa Catarina - UFSC,PROCESSO DE RECOBRIMENTO DE GRÃOS METÁLICOS COM NÍQUEL DEPOSITADO POR ELECTROLESS E OS PRODUTOS OBTIDOS,,geral,076413,2006,UNIVERSIDADE FEDERAL DE SANTA CATARINA-UFSC,VIVA MAIS!,Com Dados  -  Comunicaçäo de Dados Entrtmnto  -  Entretenimento Gerad Telas  -  Gerador de Telas Transm Dados -  Transmissäo de Dados,geral
0.37953972591561874,0.9337970535832885,0.022165562984757137,0.0,1,1,0,1,5.0,PI0901195   ,2009,Universidade Federal de Goiás,MÉTODO E SISTEMA DE ESTIMAÇÃO DE ÂNGULOS DE INCIDÊNCIA DE SINAIS DE INTERESSE,,geral,512014001504,2014,UNIVERSIDADE FEDERAL DE GOIÁS,SDFLUXO - CALCULO DE FLUXO DE POTENCIA PARA SISTEMAS DE DISTRIBUIÇÃO,Controle   -  Controle Ger Op&Man -  Gerenciador Operaçäo e Manutençäo Gerenc Info  -  Gerenciador de Informaçöes,industria_4_0
0.37946516475651165,0.921960869902742,0.024351350539674965,0.0,1,1,0,1,2.0,PI1003906   ,2010,Universidade Federal da Bahia,SISTEMA DE COMBUSTÃO DE GÁS NATURAL PARA O CONTROLE DAS CORRELAÇÕES ENTRE RADIAÇÃO TÉRMICA FORMAÇÃO DA FULIGEM E NOX COM A UTILIZAÇÃO DA COMBUSTÃO ENRIQUECIDA COM OXIGÊNIO,,industria_4_0,088096,2008,UNIVERSIDADE FEDERAL DA BAHIA,SOLUÇÃO NUMÉRICA DA EQUAÇÃO DE LAPLACE NUMA REGIÃO CONFINADA,NÃO INFORMADO,geral
0.379171822855608,0.21824352767159438,0.4844751611760074,0.06666666666666667,0,0,0,1,10.0,PI0706183   ,2007,Universidade Federal de Santa Maria - NIT/NÚCLEO DE INOVAÇÃO E TRANSFERÊNCIA DE TECNOLOGIA,MÉTODO PARA DISCRIMINAÇÃO DE BOVINOS DE MAIOR PRECOCIDADE SEXUAL A PARTIR DA COLETA DE TECIDOS OU DE CÉLULAS FETAIS,,cidades_inteligentes,512017001601,2017,FUNDAÇÃO UNIVERSIDADE DE PASSO FUNDO,Sistema para rastreabilidade de coleta e transporte do leite,APLICATIVO -  APLICATIVOS,geral
0.37912902318436964,0.935265409213755,0.021271960721061745,0.0,1,1,0,1,9.0,PI0704286   ,2007,Universidade Federal do Ceará,PROCESSO PARA O PREPARO DO ADUBO DE CARANGUEJO,,geral,512016001188,2016,UNIVERSIDADE FEDERAL DO CEARA,JOGO DE TABULEIRO/CARTAS VIRTUAL - SOFTWARE EDUCACIONAL,APLICATIVO -  APLICATIVOS,educacao_tecnologica
0.37780186108388253,0.935265409213755,0.01929990684184335,0.0,1,1,0,1,9.0,PI1000444   ,2010,UNIVERSIDADE DE SÂO PAULO - USP,SISTEMA DE DESENVOLVIMENTO DE ALTERAÇÕES POSITIVAS OU NEGATIVAS DE PRESSÃO COM CÂMARAS HIPERBÁRICAS E HIPOBÁRICAS SIMULTÂNEAS PARA HUMANOS OU ANIMAIS DE DIVERSOS TAMANHOS E RESPECTIVO PROCESSO DE OPERAÇÃO,,geral,512019002523,2019,UNIVERSIDADE DE SÃO PAULO - USP,MENDELEEV,Controle   -  Controle,industria_4_0
0.3775693534598477,0.9370424595242646,0.01862207645420444,0.0,1,1,0,1,7.0,PI0200365   ,2002,Universidade Estadual de Campinas - Unicamp,ESPECTROMETRIA DE MASSAS POR INTRODUÇÃO VIA FIBRA,,geral,097670,2009,UNIVERSIDADE ESTADUAL DE CAMPINAS - UNICAMP,SVAW-GPA,Apoio Progm  -  Apoio à Programaçäo Com Dados  -  Comunicaçäo de Dados Convers Sis  -  Conversor de Sistemas Ferrm Apoio  -  Ferramenta de Apoio Proc Texto -  Processadores de Texto,geral
0.37722849630388466,0.18341855702593463,0.5304173682757679,0.07692307692307693,0,0,0,1,9.0,PI0205908   ,2002,Universidade Federal de Minas Gerais - UFMG,ESFERA DE SINALIZAÇÃO AÉREA DE LINHAS DE TRANSMISSÃO PARA INSTALAÇÃO POR SISTEMA AUTÔNOMO OU SEMI-AUTÔNOMO,,geral,126746,2011,UNIVERSIDADE FEDERAL DE OURO PRETO - UFOP,UGUIDE,APLICATIVO -  APLICATIVOS Transm Dados -  Transmissäo de Dados,geral
0.37702170910405913,0.9291188093235332,0.019303709160867433,0.0,1,1,0,1,3.0,PI0803792   ,2008,Universidade Federal da Bahia,CÉLULA  PARA  OBTENÇÃO  DO COEFICIENTE DE EMPUXO NO REPOUSO (Ko) EM SOLOS,,agricultura_inteligente,116993,2011,UNIVERSIDADE FEDERAL DA BAHIA,ASSEMBLY PARA FOTODETECTOR OPERAR COMO FREQUENCIMETRO,NÃO INFORMADO,geral
0.3762476819045169,0.9291188093235332,0.01815484781404464,0.0,1,1,0,1,3.0,PI0900450   ,2009,UNIVERSIDADE FEDERAL DO RIO GRANDE DO SUL - UFRGS,"CONSTRUÇÃO GÊNICA, PROCESSO PARA MODULAR A RESPOSTA OXIDATIVA EM ARROZ, PROCESSO PARA MODULAR A TOLERÂNCIA DE PLANTAS DE ALUMÍNIO",,agricultura_inteligente,077446,2006,UNIVERSIDADE FEDERAL DO RIO GRANDE DO SUL-UFRGS,ETC - EDITOR DE TEXTO COLETIVO,APLICATIVO -  APLICATIVOS Aplc Tcn Ct  -  Aplicaçöes Técnico-Científicas Comut Dados  -  Comutaçäo de Dados Ferrm Apoio  -  Ferramenta de Apoio Geren Usuar  -  Gerenciador de Usuários Gerenc Info  -  Gerenciador de Informaçöes Interf E&S -  Interface de Entrada e Saída Proc Texto -  Processadores de Texto,geral
0.375629494926288,0.935401219699509,0.016070519566301344,0.0,1,1,0,1,8.0,PI0803611   ,2008,Fundação Universidade Federal de São Carlos,PROCESSO CATALÍTICO À BASE DE PENEIRAS MOLECULARES PARA REAÇÕES DE TRANSESTERIFICAÇÃO,,geral,512016000646,2016,FUNDAÇÃO UNIVERSIDADE FEDERAL DE SÃO CARLOS,APLICATIVO PARA DINÂMICA ERGOPRO - SUPORTE AO ALUNO,APLICATIVO -  APLICATIVOS,educacao_tecnologica
0.3748686067710164,0.17295191340574376,0.7923969140123512,0.041666666666666664,0,0,0,1,2.0,PI0802599   ,2008,UNIVERSIDADE DE SÃO PAULO - USP,"DISPOSITIVO ADAPTÁVEL AOS ARTICULADORES DENTAIS DOS TIPOS ARCON E NÃO ARCON A FIM DE PERMITIR A MOVIMENTAÇÃO DOS MODELOS NOS SENTIDOS ANTERO-POSTERIOR, LATERO-MEDIAL, VERTICAL E DE ROTAÇÃO",,geral,116753,2010,FACULDADE DE TECNOLOGIA DE JUNDIAÍ - CENTRO PAULA SOUZA,SISTEMA DE MEMÓRIA FERROVIÁRIA,APLICATIVO -  APLICATIVOS NÃO INFORMADO,geral
0.37469759536453784,0.9362286341885874,0.014553517811429661,0.0,1,1,0,1,10.0,PI1002363   ,2010,Fundação Universidade de Brasília,"PROCESSO PARA A APLICAÇÃO DA TÉCNICA DE ADIÇÃO DE FIBRAS NATURAIS RENOVÁVEIS NA MELHORIA DE SOLOS, MISTURAS BETUMINOSAS E ARGAMASSAS E CONCRETOS DE CIMENTO PORTLAND",,agricultura_inteligente,512020000391,2020,FUNDAÇÃO UNIVERSIDADE DE BRASILIA,Ambiente Virtual de Aprendizagem de Administração de medicamentos em pediatria/neonatologia,Linguagem  -  Linguagens,saude_digital
0.37453008996411086,0.9344803968499218,0.014629163105041254,0.0,1,1,0,1,4.0,PI0203320   ,2002,Universidade Federal de Santa Catarina - UFSC,PROCESSO DE RECOBRIMENTO DE GRÃOS METÁLICOS COM NÍQUEL DEPOSITADO POR ELECTROLESS E OS PRODUTOS OBTIDOS,,geral,076466,2006,UNIVERSIDADE FEDERAL DE SANTA CATARINA-UFSC,SUÍTES DE APLIC. INTERAT CORRELAC C/ VÍDEO NA ÁREA DA SAÚDE,Com Dados  -  Comunicaçäo de Dados Entrtmnto  -  Entretenimento Gerad Telas  -  Gerador de Telas Transm Dados -  Transmissäo de Dados,saude_digital
0.3742666903004834,0.5350039462895457,0.22569846067178,0.07692307692307693,1,1,0,0,6.0,PI0004988   ,2000,Universidade Estadual de Campinas - Unicamp,DEGRADAÇÃO DE CORANTES REATIVOS POR MEIO DE PROCESSOS FOTOELETROQUIMICOS,,geral,071961,2006,UNIVERSIDADE ESTADUAL DE CAMPINAS - UNICAMP,FERMANTOL,Contr Proc -  Controle de Processos Simul & Mod  -  Simulaçäo e Modelagem,industria_4_0
0.3736996116212802,0.9358603967169783,0.013165512549902059,0.0,1,1,0,1,8.0,PI0706234   ,2007,UNIVERSIDADE FEDERAL DO PARANÁ,"REGULAÇÃO NEGATIVA DA MULTIPLICAÇÃO DO VÍRUS H5N1, VÍRUS DA INFLUENZA A COM O USO DE MEDICAMENTO HOMEOPÁTICO COMPLEXO",,saude_digital,512015001406,2015,UNIVERSIDADE FEDERAL DO PARANÁ,GPS GEOLÓGICO GEOTEC,APLICATIVO -  APLICATIVOS Ent Val Dad  -  Entrada e Validaçäo da Dados Gerad Gráfc  -  Geradores de Gráficos Interf E&S -  Interface de Entrada e Saída,geral
0.3736580311748358,0.9454387667507389,0.011382809246256231,0.0,1,1,0,1,6.0,PI0802347   ,2008,Universidade de São Paulo -USP,DISPOSIÇÃO MODULAR INTERCOMUNICANTE PARA ESTUDOS COMPORTAMENTAIS EM ANIMAIS,,geral,512014000804,2014,UNIVERSIDADE DE SÃO PAULO- USP,ENDOMETRIOSIS RESEARCH SYSTEM (ERS),Recup Dados  -  Recuperaçäo de Dados,geral
0.37246411813991104,0.9446989973081955,0.009798038635379203,0.0,1,1,0,1,5.0,PI0401219   ,2004,UNIVERSIDADE ESTADUAL DE CAMPINAS - UNICAMP,PROCESSO DE DETERMINAÇÃO DE ÁCIDO ACETILSALICÍLICO EM MATRIZ SÓLIDA POR ESPECTROSCOPIA DE FLUORESCÊNCIA,,geral,097670,2009,UNIVERSIDADE ESTADUAL DE CAMPINAS - UNICAMP,SVAW-GPA,Apoio Progm  -  Apoio à Programaçäo Com Dados  -  Comunicaçäo de Dados Convers Sis  -  Conversor de Sistemas Ferrm Apoio  -  Ferramenta de Apoio Proc Texto -  Processadores de Texto,geral
0.3722931859271645,0.9440328961935063,0.009670439546623277,0.0,1,1,0,1,10.0,PI1005977   ,2010,UNIVERSIDADE FEDERAL DO RIO GRANDE DO SUL,CATALISADORES DE CROMO  E NÍQUEL PARA REAÇÕES DE OLIGOMERIZAÇÃO E PROCESSO PARA A OBTENÇÃO DE ALFA-OLEFINAS USANDO TAIS CATALISADORES,,geral,512020001169,2020,UNIVERSIDADE FEDERAL DO RIO GRANDE DO SUL,Calculadora de Hipertensão,APLICATIVO -  APLICATIVOS,geral
0.3717441796735603,0.9321506498532385,0.010997173135671723,0.0,1,1,0,1,9.0,PI1002571   ,2010,UNIVERSIDADE ESTADUAL DE CAMPINAS - UNICAMP,SENSOR ELETROQUÍMICO BASEADO EM MATERIAL CARBONO CERÂMICO PARA DETERMINAÇÃO DE OXIGÊNIO DISSOLVIDO E O PROCESSO PARA OBTENÇÃO DO MESMO,,industria_4_0,512019002136,2019,UNIVERSIDADE ESTADUAL DE CAMPINAS - UNICAMP,MatGrafVoice,APLICATIVO -  APLICATIVOS Ent Val Dad  -  Entrada e Validaçäo da Dados Gerad Telas  -  Gerador de Telas Gerenc Info  -  Gerenciador de Informaçöes Proc Texto -  Processadores de Texto,geral
0.37138759934714893,0.20117913472146315,0.5134989799242289,0.0625,0,0,0,1,6.0,PI0800800   ,2008,UNIVERSIDADE FEDERAL DO PARANÁ,"MATERIAL PROMOTOR DE AGLUTINAÇÃO DE SUBSTÂNCIAS OLEOSAS DISPERSAS, MISTURADAS OU EMULSIFICADAS EM ÁGUA",,geral,512014001544,2014,UNIVERSIDADE ESTADUAL DE MARINGÁ,"GESCOMP-GESTÃO ESTRATÉGICA DE COMPRAS,ORÇAMENTO,MATERIAL E PATRIMÔNIO",APLICATIVO -  APLICATIVOS,geral
0.37137708264327063,0.9392842906270173,0.009194729053996209,0.0,1,1,0,1,10.0,PI0801447   ,2008,Universidade Federal do Rio Grande do Sul,Processo de obtenção de extrato vegetal de catequinas a partir de plantas do gênero camellia,,agricultura_inteligente,512018000822,2018,UNIVERSIDADE FEDERAL DO RIO GRANDE DO SUL,Avaliação e Diagnóstico da Ansiedade,APLICATIVO -  APLICATIVOS,educacao_tecnologica
0.3713489885372843,0.9303384886663958,0.010750980114309527,0.0,1,1,0,1,0.0,PI0803792   ,2008,Universidade Federal da Bahia,CÉLULA  PARA  OBTENÇÃO  DO COEFICIENTE DE EMPUXO NO REPOUSO (Ko) EM SOLOS,,agricultura_inteligente,088096,2008,UNIVERSIDADE FEDERAL DA BAHIA,SOLUÇÃO NUMÉRICA DA EQUAÇÃO DE LAPLACE NUMA REGIÃO CONFINADA,NÃO INFORMADO,geral
0.3711880162500513,0.9379043245132707,0.00916737942279433,0.0,1,1,0,1,5.0,PI0405418   ,2004,Universidade Federal do Rio Grande do Sul - UFRGS,USO DE DERIVADOS N-FENILPERAZÍNICOS E COMPOSIÇÕES FARMACÊUTICAS CONTENDO OS MESMOS,,saude_digital,099575,2009,UNIVERSIDADE FEDERAL DO RIO GRANDE DO SUL-UFRGS,CONSULTA REMOTA,APLICATIVO -  APLICATIVOS,geral
0.3711601320363135,0.66808054828741,0.16166639840805896,0.045454545454545456,0,0,1,0,8.0,PI0705589   ,2007,Universidade Federal de Minas Gerais,"COMPOSIÇÕES FARMACÊUTICAS DE SEMICARBAZONAS E/OU TIOSSEMICARBAZONAS E/OU SEUS DERIVADOS E PRODUTOS DESSAS COMPOSIÇÕES E USOS COMO ANTICONVULSIVANTES, ANTINOCICEPTIVOS ANTIINFLAMATÓRIOS, E NA TERAPIA ANGIOGÊNICA",,saude_digital,512015001043,2015,CENTRO FEDERAL DE EDUCAÇÃO TECNOLÓGICA DE MINAS GERAIS,SPHARMA - SISTEMA FARMACÊUTICO DE GERÊNCIA DE PRODUTOS,Gerenc Info  -  Gerenciador de Informaçöes,saude_digital
0.37061679784260715,0.944172543132942,0.007250868898209695,0.0,1,1,0,1,9.0,PI0803145   ,2008,FUNDAÇÃO UNIVERSIDADE DE BRASÍLIA,BARRA COM ESFERAS VIRTUAIS E SUA APLICAÇÃO EM TESTES DE DESEMPENHO DE MÁQUINAS DE MEDIR POR COORDENADAS,,geral,512017000524,2017,FUNDAÇÃO UNIVERSIDADE DE BRASÍLIA,COLOR VC SYSTEM,Criptograf -  Criptografia,geral
0.3704869551522666,0.945665204606826,0.006807310452259241,0.0,1,1,0,1,6.0,PI0700830   ,2007,Universidade Estadual de Maringá,PROCESSO DE OBTENÇÃO E ARMAZENAMENTO DE FARINHA DE MIÚDOS DE FRANGO,,geral,512013001083,2013,UNIVERSIDADE ESTADUAL DE MARINGÁ,ADRIX - AMBIENTE DE DESENVOLVIMENTO DE REDES INTELIGENTES,APLICATIVO -  APLICATIVOS Ger de Rede  -  Gerenciador de Rede de Comunicaçäo de Dados Gerenc Info  -  Gerenciador de Informaçöes Instrument -  Instrumentaçäo Planejament  -  Planejamento,geral
0.3703499087087507,0.945665204606826,0.006612706434101279,0.0,1,1,0,1,6.0,PI0802290   ,2008,Universidade de São Paulo - USP,PRODUTO A BASE DE QUITOSANA E PROCESSO DE IMPREGNAÇÃO DO MESMO EM TÊXTEIS,,geral,512014000804,2014,UNIVERSIDADE DE SÃO PAULO- USP,ENDOMETRIOSIS RESEARCH SYSTEM (ERS),Recup Dados  -  Recuperaçäo de Dados,geral
0.37028989917129945,0.9403180218289329,0.007456789375531847,0.0,1,1,0,1,9.0,PI0500116   ,2005,Universidade Federal de Minas Gerais,SISTEMA FECHADO PARA AGITAÇÃO/MISTURA DE SUBSTÂNCIAS,,geral,512014000742,2014,UNIVERSIDADE FEDERAL DE MINAS GERAIS,JORNADA EXPRESS,APLICATIVO -  APLICATIVOS Atm Escrt  -  Automaçäo de Escritório,industria_4_0
0.37007881923344516,0.9414760932132011,0.0069538803063105,0.0,1,1,0,1,3.0,PI0003867   ,2000,Universidade Estadual de Campinas - UNICAMP,PROCESSO DE OBTENÇÃO DE CONCENTRADO DE INULINA POR ABAIXAMENTO DE TEMPERATURA E SEPARAÇÃO FÍSICA E APLICAÇÃO DO CONCENTRADO DE INULINA.,,geral,050165,2003,UNIVERSIDADE ESTADUAL DE CAMPINAS - UNICAMP,CICLO DE VIDA EM VEGETAIS,APLICATIVO -  APLICATIVOS Utilitários  -  Utilitários,geral
0.36959347729069575,0.9403180218289329,0.006464314343458288,0.0,1,1,0,1,9.0,PI0404738   ,2004,Universidade Estadual de Campinas - UNICAMP,"PROCESSO DE FABRICAÇÃO DE ADESIVOS PARA METAIS, CONSTITUÍDOS POR RESINAS POLIMÉRICAS PORTADORAS DE NANODOMÍNIOS DIFERENCIADOS ELETRICA E MECANICAMENTE, ADESIVOS ASSIM OBTIDOS E SEU PROCESSO DE APLICAÇÃO",,energia,512013001263,2013,UNIVERSIDADE ESTADUAL DE CAMPINAS - UNICAMP,CDP CMD,Contr Proc -  Controle de Processos,industria_4_0
0.36955774310935247,0.9400144365676375,0.006466209133141554,0.0,1,1,0,1,6.0,PI0105243   ,2001,Universidade Federal de Minas Gerais,"PROCESSO PARA A OBTENÇÃO DE COMPÓSITOS DE ZIRCÔNIA PARCIALMENTE ESTABILIZADA COM  CÁLCIA-HIDROXIAPATITA, APARELHAGEM, E PEÇAS CERÂMICAS ESTRUTURAIS OBTIDAS PELO PROCESSO.",,geral,085323,2007,UNIVERSIDADE FEDERAL DE MINAS GERAIS,WSWELD,Aplc Tcn Ct  -  Aplicaçöes Técnico-Científicas Atm Indust -  Automaçäo Industrial Automaçäo  -  Automaçäo Dicion Dad -  Dicionário de Dados Gerd Aplic -  Gerador de Aplicaçöes e/ou Progr.,industria_4_0
0.3694222484764291,0.9380515267111068,0.0066148484258702345,0.0,1,1,0,1,7.0,PI0901585   ,2009,Universidade Federal do Paraná,"MATERIAL SORVENTE PARA PETRÓLEO, DERIVADOS, ÓLEOS VEGETAIS OU MINERAIS COMPOSTO À BASE DE PELO DE CACHORRO",,geral,512016000284,2016,UNIVERSIDADE FEDERAL DO PARANÁ,GEOTEC CLASSES,APLICATIVO -  APLICATIVOS Ent Val Dad  -  Entrada e Validaçäo da Dados Gerad Gráfc  -  Geradores de Gráficos Interf E&S -  Interface de Entrada e Saída,geral
0.3691805556089244,0.32515038091867543,0.4924622722347123,0.0,0,0,0,1,10.0,PI0602366   ,2006,Universidade Federal de Minas Gerais,"USO DE AGONISTAS DO RECEPTOR ACOPLADO A PROTEÍNA G, MAS, NO TRATAMENTO DA SINDROME METABÓLICA, SEUS COMPONENTES E SUAS COMPLICAÇÕES",,geral,512016001696,2016,UNIVERSIDADE FEDERAL DE VIÇOSA,RBIO: BIOMETRIA NO R,APLICATIVO -  APLICATIVOS,geral
0.3691236368970834,0.9405842953708433,0.00575038575817155,0.0,1,1,0,1,9.0,PI0705954   ,2007,FUNDAÇÃO UNIVERSIDADE FEDERAL DE SÃO CARLOS,SENSOR DE CONDUTIVIDADE E MÉTODO PARA CONTROLE DO ESCOAMENTO DO BIODIESEL E DE PRODUTOS EM FASE LÍQUIDA DE CONDUTIVIDADES DIVERSAS,,industria_4_0,512016000533,2016,FUNDAÇÃO UNIVERSIDADE FEDERAL DE SÃO CARLOS,SAFETY,APLICATIVO -  APLICATIVOS Com Dados  -  Comunicaçäo de Dados,geral
0.36909892618659546,0.9403925317576611,0.005748464821943022,0.0,1,1,0,1,0.0,PI0705535   ,2007,UNIVERSIDADE FEDERAL DE MINAS GERAIS,"SEQÜÊNCIAS GENETICAMENTE MODIFICADAS DOS ANTÍGENOS TS E ASP-2 DE TRYPANOSOMA CRUZI, CONSTRUCTOS GENÉTICOS QUE CONTÉM TS OU ASP-2 E ADENOVÍRUS GENETICAMENTE MODIFICADOS QUE CODIFICAM TS OU ASP-2",,geral,085323,2007,UNIVERSIDADE FEDERAL DE MINAS GERAIS,WSWELD,Aplc Tcn Ct  -  Aplicaçöes Técnico-Científicas Atm Indust -  Automaçäo Industrial Automaçäo  -  Automaçäo Dicion Dad -  Dicionário de Dados Gerd Aplic -  Gerador de Aplicaçöes e/ou Progr.,industria_4_0
0.3687951297113896,0.938135064845514,0.005707744019008532,0.0,1,1,0,1,7.0,PI0404614   ,2004,Universidade Federal de Ouro Preto - UFOP,PROCESSO DE FABRICAÇÃO DE ARGAMASSA EXPANSIVA CONSTITUÍDA POR UMA MESCLA DE UMA FASE AQUOSA COM UM AGENTE EXPANSOR EM PÓ,,geral,118133,2011,UNIVERSIDADE FEDERAL DE OURO PRETO - UFOP,CADNET - SOFTWARE PARA O OFERECIMENTO DE CURSOS A DISTÂNCIA,APLICATIVO -  APLICATIVOS,geral
0.36872311927155393,0.9412043811530924,0.005075520526316102,0.0,1,1,0,1,10.0,PI0705580   ,2007,UNIVERSIDADE FEDERAL DO PARANÁ,FERTILIZANTE DE LIBERAÇÃO LENTA DE NITROGÊNIO PREPARADO COM ARGILOMINERAIS DA FAMÍLIA DO CAULIM INTERCALADOS COM URÉIA E DISPERSOS EM POLÍMEROS BIODEGRADÁVEIS,,agricultura_inteligente,512017001138,2017,UNIVERSIDADE FEDERAL DO PARANÁ,SECAMM-SOFTWARE EMB DE CONTROLE DE AMB. DE MONITORAMENTO DE MADEIRA,Atm Indust -  Automaçäo Industrial Automaçäo  -  Automaçäo Instrument -  Instrumentaçäo,industria_4_0
0.36871126857362996,0.9412043811530924,0.005058737780054168,0.0,1,1,0,1,10.0,PI0404270   ,2004,Universidade Federal de Minas Gerais,"IMOBILIZADOR E POSICIONADOR DOS ARTELHOS II, III, IV",,geral,512014000742,2014,UNIVERSIDADE FEDERAL DE MINAS GERAIS,JORNADA EXPRESS,APLICATIVO -  APLICATIVOS Atm Escrt  -  Automaçäo de Escritório,industria_4_0
0.3684533436213507,0.940396747934434,0.004832452197666592,0.0,1,1,0,1,6.0,PI0900450   ,2009,UNIVERSIDADE FEDERAL DO RIO GRANDE DO SUL - UFRGS,"CONSTRUÇÃO GÊNICA, PROCESSO PARA MODULAR A RESPOSTA OXIDATIVA EM ARROZ, PROCESSO PARA MODULAR A TOLERÂNCIA DE PLANTAS DE ALUMÍNIO",,agricultura_inteligente,512015000515,2015,UNIVERSIDADE FEDERAL DO RIO GRANDE DO SUL-UFRGS,DESIGN DE PRODUTO - PROJETO ORIENTADO PELO DFD,Ent Val Dad  -  Entrada e Validaçäo da Dados,geral
0.36844848016406384,0.24718721878971958,0.3739167843208895,0.0625,0,0,0,1,7.0,PI0900908   ,2009,Faculdades Católicas Mantenedora da Pontifícia Universidade Católica do Rio de Janeiro - PUC RIO,MÉTODO DE ACOPLAMENTO PARCIAL ENTRE UM SISTEMA DE ANÁLISE DE TENSÕES E UM SIMULADOR CONVENCIONAL DE RESERVATÓRIOS E SISTEMA PARA APROXIMAÇÃO DA EQUAÇÃO DE FLUXO,,geral,512016001271,2016,UNIVERSIDADE FEDERAL DO RIO DE JANEIRO,FIRMWARE DO JOYSTICK 5DOF SIMULADOR DE ROV,Automaçäo  -  Automaçäo,industria_4_0
0.3682593180111226,0.9452176000496444,0.0037344720779360907,0.0,1,1,0,1,8.0,PI0506243   ,2005,Universidade Estadual de Maringá,PROCESSO DE OBTENÇÃO DE EXTRATO DE PRÓPOLIS PARA USO ODONTOLÓGICO E FORMULAÇÕES DE PRÓPOLIS PARA USO ODONTOLÓGICO,,geral,512013001083,2013,UNIVERSIDADE ESTADUAL DE MARINGÁ,ADRIX - AMBIENTE DE DESENVOLVIMENTO DE REDES INTELIGENTES,APLICATIVO -  APLICATIVOS Ger de Rede  -  Gerenciador de Rede de Comunicaçäo de Dados Gerenc Info  -  Gerenciador de Informaçöes Instrument -  Instrumentaçäo Planejament  -  Planejamento,geral
0.36818494879913516,0.939932753812634,0.004532335838950519,0.0,1,1,0,1,0.0,PI0805482   ,2008,UNIVERSIDADE ESTADUAL DE CAMPINAS - UNICAMP,"PROCESSO DE PRODUÇÃO DAS LIGAS METÁLICAS Al-Si-Mg-Cu, LIGAS METÁLICAS Al-Si-Mg-Cu OBTIDAS PELO PROCESSO",,geral,088954,2008,UNIVERSIDADE ESTADUAL DE CAMPINAS - UNICAMP,SIMBIOBUT,Aplc Tcn Ct  -  Aplicaçöes Técnico-Científicas CASE   -  Computer Aided Softw Engineering Sim Amb Op -  Simuladores de Ambiente Operacional Simul & Mod  -  Simulaçäo e Modelagem Simulador  -  Simulador Vôo/Carro/Submarino/...,geral
0.3679996568827493,0.9452176000496444,0.0033692468308679224,0.0,1,1,0,1,8.0,PI0101346   ,2001,Universidade Estadual de Campinas - Unicamp,PROCESSO DE APLICAÇÃO DA VIOLACEINA COMO ANTIMICOBACTERIANO,,geral,097670,2009,UNIVERSIDADE ESTADUAL DE CAMPINAS - UNICAMP,SVAW-GPA,Apoio Progm  -  Apoio à Programaçäo Com Dados  -  Comunicaçäo de Dados Convers Sis  -  Conversor de Sistemas Ferrm Apoio  -  Ferramenta de Apoio Proc Texto -  Processadores de Texto,geral
0.3678267038417375,0.9463892791181348,0.0029281083635444016,0.0,1,1,0,1,8.0,PI0602397   ,2006,Universidade de São Paulo - USP,USO E FORMULAÇÕES DE AGENTES NITROSANTES PARA O TRATAMENTO DA DOENÇA GORDUROSA DO FÍGADO,,geral,512014000804,2014,UNIVERSIDADE DE SÃO PAULO- USP,ENDOMETRIOSIS RESEARCH SYSTEM (ERS),Recup Dados  -  Recuperaçäo de Dados,geral
0.367798665476177,0.9438701683436819,0.003315198777667283,0.0,1,1,0,1,10.0,PI0303985   ,2003,Universidade Estadual de Campinas - Unicamp,"PROCESSO DE RECUPERAÇÃO E EXTRAÇÃO ELETROQUÍMICA DE OURO, PRATA E COBRE DE SOLUÇÕES AQUOSAS USANDO UMA CÉLULA ELETROQUÍMICA",,geral,512013000748,2013,UNIVERSIDADE ESTADUAL DE CAMPINAS - UNICAMP,MATVOX,APLICATIVO -  APLICATIVOS Apoio Progm  -  Apoio à Programaçäo Gerd Aplic -  Gerador de Aplicaçöes e/ou Progr. Interptd   -  Interpretador Proc Texto -  Processadores de Texto,geral
0.36779692685158677,0.9421826081225128,0.0035996873104874316,0.0,1,1,0,1,9.0,PI1002363   ,2010,Fundação Universidade de Brasília,"PROCESSO PARA A APLICAÇÃO DA TÉCNICA DE ADIÇÃO DE FIBRAS NATURAIS RENOVÁVEIS NA MELHORIA DE SOLOS, MISTURAS BETUMINOSAS E ARGAMASSAS E CONCRETOS DE CIMENTO PORTLAND",,agricultura_inteligente,512019002938,2019,FUNDAÇÃO UNIVERSIDADE DE BRASILIA,ADCS Power & Performance Benchmark,Aval Desemp  -  Avaliaçäo de Desempenho Ferrm Desnv  -  Ferramentas de Suporte ao Desenvolv. de Sistemas,educacao_tecnologica
0.36777255425251754,0.9403412750790444,0.003879535090873687,0.0,1,1,0,1,7.0,PI1002028   ,2010,Universidade Federal do Rio Grande - FURG,SOLUÇÃO INDUTORA DA CAPACIDADE DETOXIFICATÓRIA E MÉTODO DE ADMINISTRAÇÃO DE TAL COMPOSIÇÃO,,cidades_inteligentes,512017000938,2017,UNIVERSIDADE FEDERAL DO RIO GRANDE-FURG,ANÁLISE DE VIABILIDADE PARA AEROGERADORES DE PEQUENO PORTE,Interf E&S -  Interface de Entrada e Saída,geral
0.36771273846318314,0.9419677079507267,0.0035176721173607595,0.0,1,1,0,1,6.0,PI0804889   ,2008,UNIVERSIDADE ESTADUAL DE CAMPINAS - UNICAMP,PROCESSO DE PRODUÇÃO DE CONJUGADOS DE INTERFERON COM ÓXIDOS DE POLIALQUILENOS E SEUS USOS,,geral,512014001411,2014,UNIVERSIDADE ESTADUAL DE CAMPINAS - UNICAMP,FLEXMONITORWS,Adm Dispost  -  Administrador de Dispositivos Aval Desemp  -  Avaliaçäo de Desempenho Ferrm Apoio  -  Ferramenta de Apoio Man Intg Dd  -  Manutençäo da Integridade dos Dados Monitor TP -  Monitores de Teleprocessamento,educacao_tecnologica
0.3677098908003023,0.9434152303867609,0.003267553036937376,0.0,1,1,0,1,1.0,PI1002571   ,2010,UNIVERSIDADE ESTADUAL DE CAMPINAS - UNICAMP,SENSOR ELETROQUÍMICO BASEADO EM MATERIAL CARBONO CERÂMICO PARA DETERMINAÇÃO DE OXIGÊNIO DISSOLVIDO E O PROCESSO PARA OBTENÇÃO DO MESMO,,industria_4_0,097670,2009,UNIVERSIDADE ESTADUAL DE CAMPINAS - UNICAMP,SVAW-GPA,Apoio Progm  -  Apoio à Programaçäo Com Dados  -  Comunicaçäo de Dados Convers Sis  -  Conversor de Sistemas Ferrm Apoio  -  Ferramenta de Apoio Proc Texto -  Processadores de Texto,geral
0.3676219913848248,0.9445710102878836,0.002948121534918302,0.0,1,1,0,1,0.0,PI0803354   ,2008,Instituto Nacional de Tecnologia,PROCESSO PARA O PRÉ-TRATAMENTO DE BIOMASSA LIGNOCELULÓSICA,,geral,092613,2008,INSTITUTO NACIONAL DE TECNOLOGIA,SIGESC AVA - AMBIENTE VIRTUAL DE APRENDIZAGEM COOPERATIVA,Aplc Tcn Ct  -  Aplicaçöes Técnico-Científicas Gerenc Info  -  Gerenciador de Informaçöes Interf Com -  Interface de Comunicaçäo Interf E&S -  Interface de Entrada e Saída,educacao_tecnologica
0.36751977819455994,0.9423184186082667,0.0031863435242323046,0.0,1,1,0,1,8.0,PI0602094   ,2006,Universidade Estadual de Campinas - UNICAMP,COMPOSIÇÃO MEDICAMENTOSA A BASE DE CASEARIA SYLVESTRIS E USO DE COMPOSIÇÃO MEDICAMENTOSA A BASE DE CASEARIA SYLVESTRIS,,saude_digital,512014001411,2014,UNIVERSIDADE ESTADUAL DE CAMPINAS - UNICAMP,FLEXMONITORWS,Adm Dispost  -  Administrador de Dispositivos Aval Desemp  -  Avaliaçäo de Desempenho Ferrm Apoio  -  Ferramenta de Apoio Man Intg Dd  -  Manutençäo da Integridade dos Dados Monitor TP -  Monitores de Teleprocessamento,educacao_tecnologica
0.3674917153616198,0.9434900976767571,0.002948121534918302,0.0,1,1,0,1,8.0,PI0803354   ,2008,Instituto Nacional de Tecnologia,PROCESSO PARA O PRÉ-TRATAMENTO DE BIOMASSA LIGNOCELULÓSICA,,geral,512016000387,2016,INSTITUTO NACIONAL DE TECNOLOGIA,SIGESC AVA - AMBIENTE VIRTUAL DE APRENDIZAGEM COOPERATIVA,Aplc Tcn Ct  -  Aplicaçöes Técnico-Científicas Gerenc Info  -  Gerenciador de Informaçöes Interf Com -  Interface de Comunicaçäo Interf E&S -  Interface de Entrada e Saída,educacao_tecnologica
0.3671888001424482,0.9438947695693614,0.002454411625162911,0.0,1,1,0,1,2.0,PI0905029   ,2009,Universidade Federal de Minas Gerais,DISPOSITIVO MAGNÉTICO ORTODÔNTICO E SEU USO,,geral,085323,2007,UNIVERSIDADE FEDERAL DE MINAS GERAIS,WSWELD,Aplc Tcn Ct  -  Aplicaçöes Técnico-Científicas Atm Indust -  Automaçäo Industrial Automaçäo  -  Automaçäo Dicion Dad -  Dicionário de Dados Gerd Aplic -  Gerador de Aplicaçöes e/ou Progr.,industria_4_0
0.36716801389415993,0.9433542871910031,0.002516530878163503,0.0,1,1,0,1,9.0,PI0803455   ,2008,UNIVERSIDADE ESTADUAL DE CAMPINAS - UNICAMP,PROCESSO DE MODULAÇÃO DA HIDROFOBICIDADE DE ALUMINAS E USO DAS MESMAS,,cidades_inteligentes,512017000420,2017,UNIVERSIDADE ESTADUAL DE CAMPINAS - UNICAMP,"""MULTI MINERAL FISSION TRACK THERMAL HISTORY - MULTIMINFTTH""",APLICATIVO -  APLICATIVOS Gerad Gráfc  -  Geradores de Gráficos,geral
0.36715274096527467,0.9431393870192173,0.0025314136645351315,0.0,1,1,0,1,6.0,PI0301776   ,2003,Universidade Estadual de Campinas - Unicamp,"SENSOR AMPEROMÉTRICO PARA DOPAMINA E ANÁLOGOS, A BASE DE CATALISADORES BIOMIMÉTICOS IMOBILIZADOS EM MEMBRANA DE NAFION",,industria_4_0,097670,2009,UNIVERSIDADE ESTADUAL DE CAMPINAS - UNICAMP,SVAW-GPA,Apoio Progm  -  Apoio à Programaçäo Com Dados  -  Comunicaçäo de Dados Convers Sis  -  Conversor de Sistemas Ferrm Apoio  -  Ferramenta de Apoio Proc Texto -  Processadores de Texto,geral
0.36713660830665756,0.9440641386141582,0.002352636973134037,0.0,1,1,0,1,3.0,PI0804392   ,2008,UNIVERSIDADE ESTADUAL DE CAMPINAS - UNICAMP,PROCESSO DE DESIDRATAÇÃO DE COMPOSTOS ORGÂNICOS E PRODUTOS COMPREENDENDO COMPOSTO ORGÂNICO DESIDRATADO,,geral,118584,2011,UNIVERSIDADE ESTADUAL DE CAMPINAS - UNICAMP,HTTP THRU,"Atm Manuf  -  Automaçäo da Manufatura (Controle Numérico Computadorizado, Robótica, etc)",industria_4_0
0.36703295186124335,0.9457832838932578,0.001918147656558844,0.0,1,1,0,1,6.0,PI0701707   ,2007,Universidade Estadual de Campinas - Unicamp,"Processo de enriquecimento de piperonal pelo uso de carvão ativado, e, mistura rica em piperonal",,geral,512013000748,2013,UNIVERSIDADE ESTADUAL DE CAMPINAS - UNICAMP,MATVOX,APLICATIVO -  APLICATIVOS Apoio Progm  -  Apoio à Programaçäo Gerd Aplic -  Gerador de Aplicaçöes e/ou Progr. Interptd   -  Interpretador Proc Texto -  Processadores de Texto,geral
0.36697825944828594,0.9410785620843829,0.0026351674403295444,0.0,1,1,0,1,1.0,PI0700581   ,2007,UNIVERSIDADE ESTADUAL DE CAMPINAS - UNICAMP,"TITULADOR AUTOMÁTICO, PROCESSO DE TITULAÇÃO E MÉTODO DE DETERMINAÇÃO DO ÍNDICE DE BROMO E NÚMERO DE BROMO EM HIDROCARBONETOS",,geral,088954,2008,UNIVERSIDADE ESTADUAL DE CAMPINAS - UNICAMP,SIMBIOBUT,Aplc Tcn Ct  -  Aplicaçöes Técnico-Científicas CASE   -  Computer Aided Softw Engineering Sim Amb Op -  Simuladores de Ambiente Operacional Simul & Mod  -  Simulaçäo e Modelagem Simulador  -  Simulador Vôo/Carro/Submarino/...,geral
0.3668891691199727,0.9393954290035136,0.0027955583079349866,0.0,1,1,0,1,7.0,PI0201940   ,2002,Universidade Estadual de Campinas - Unicamp,PROCESSO PARA CORAMENTO DE LÁTEX PARA PRODUÇÃO DE POLIESTIRENO COLORIDO,,geral,097670,2009,UNIVERSIDADE ESTADUAL DE CAMPINAS - UNICAMP,SVAW-GPA,Apoio Progm  -  Apoio à Programaçäo Com Dados  -  Comunicaçäo de Dados Convers Sis  -  Conversor de Sistemas Ferrm Apoio  -  Ferramenta de Apoio Proc Texto -  Processadores de Texto,geral
0.36688811815380207,0.9442019373298646,0.001981222086910206,0.0,1,1,0,1,9.0,PI0502795   ,2005,Universidade de São Paulo - USP,PROCESSO DE PREPARAÇÃO DE BIODIESEL E BIODIESEL ASSIM OBTIDO,,geral,512014000804,2014,UNIVERSIDADE DE SÃO PAULO- USP,ENDOMETRIOSIS RESEARCH SYSTEM (ERS),Recup Dados  -  Recuperaçäo de Dados,geral
0.366817397064794,0.3537048048503692,0.28201935055284855,0.04,0,0,0,1,1.0,PI0803611   ,2008,Fundação Universidade Federal de São Carlos,PROCESSO CATALÍTICO À BASE DE PENEIRAS MOLECULARES PARA REAÇÕES DE TRANSESTERIFICAÇÃO,,geral,083984,2007,UNIVERSIDADE DE SÃO PAULO,VOCABULÁRIO CONTROLADO USP: BASE DE DADOS DE DESCRITORES EM LÍNGUA PORTUGUESA PARA INDEXAÇÃO E RECUPERAÇÃO DA INFORMAÇÃO,APLICATIVO -  APLICATIVOS Dicion Dad -  Dicionário de Dados Gerenc Info  -  Gerenciador de Informaçöes,geral
0.3666535553956332,0.9438160244061973,0.0017177350445949369,0.0,1,1,0,1,10.0,PI0602396   ,2006,UNIVERSIDADE ESTADUAL DE CAMPINAS - UNICAMP,LIMITADOR DE CORRENTE MONOFÁSICO RESISTIVO SUPERCONDUTOR AUTODESMAGNETIZANTE DE BOBINAS CONCÊNTRICAS,,geral,512016000409,2016,UNIVERSIDADE ESTADUAL DE CAMPINAS - UNICAMP,BOTÃO DE PÂNICO,APLICATIVO -  APLICATIVOS Utilitários  -  Utilitários,geral
0.3665578456148888,0.9435165365310141,0.001634116271196917,0.0,1,1,0,1,8.0,PI0300785   ,2003,UNIVERSIDADE ESTADUAL DE CAMPINAS - UNICAMP,PROCESSO DE IMOBILIZAÇÃO DE DIÓXIDO DE TITÂNIO SOBRE PEÇAS DE VIDRO UTILIZANDO NOVO MÉTODO ADAPTADO DA TÉCNICA DE MODELAMENTO POR EMULSÃO,,geral,126312,2011,UNIVERSIDADE ESTADUAL DE CAMPINAS - UNICAMP,CDPGIRB,Atm Indust -  Automaçäo Industrial Contr Proc -  Controle de Processos Instrument -  Instrumentaçäo,industria_4_0
0.36642598692762535,0.9427090320472704,0.0015852768335220535,0.0,1,1,0,1,4.0,PI0903778   ,2009,UNIVERSIDADE ESTADUAL DE CAMPINAS - UNICAMP,"COMPOSIÇÃO ALIMENTÍCIA DE GORDURA VEGETAL, PROCESSO DE PREPARAÇÃO DE UMA COMPOSIÇÃO ALIMENTÍCIA DE GORDURA VEGETAL E USO DE UMA COMPOSIÇÃO ALIMENTÍCIA DE GORDURA VEGETAL NA PREPARAÇÃO DE RECHEIO",,geral,512013000748,2013,UNIVERSIDADE ESTADUAL DE CAMPINAS - UNICAMP,MATVOX,APLICATIVO -  APLICATIVOS Apoio Progm  -  Apoio à Programaçäo Gerd Aplic -  Gerador de Aplicaçöes e/ou Progr. Interptd   -  Interpretador Proc Texto -  Processadores de Texto,geral
0.3663821240281175,0.9427429879773342,0.0015181797304599787,0.0,1,1,0,1,4.0,PI0914285   ,2009,Universidade Federal do Rio Grande do Norte,FORMULAÇÃO DE MASSA CERÂMICA A BASE DE RESÍDUO DO CAULIM PARA REVESTIMENTOS E PROCESSO DE PRODUÇÃO DE REVESTIMENTOS A BASE DE RESÍDUO DO CAULIM,,cidades_inteligentes,512013001071,2013,UNIVERSIDADE FEDERAL DO RIO GRANDE DO NORTE,SISTEMA DE TELEPEDIATRIA,Teleinform -  Teleinformática,geral
0.36632079629896824,0.9431658258734741,0.0013613904409369715,0.0,1,1,0,1,6.0,PI0802264   ,2008,Universidade de São Paulo - USP,"EMULSÃO ALIMENTÍCIA PROBIÓTICA E/OU PREBIÓTICA, SEU PROCESSO DE FABRICAÇÃO E USO",,industria_4_0,512014000804,2014,UNIVERSIDADE DE SÃO PAULO- USP,ENDOMETRIOSIS RESEARCH SYSTEM (ERS),Recup Dados  -  Recuperaçäo de Dados,geral
0.36630215920030934,0.933215408893797,0.0030223594000410303,0.0,1,1,0,1,7.0,PI0701386   ,2007,Universidade de São Paulo - USP,SOLUÇÃO FOTOSSENSÍVEL INTRODUZIDA EM TINTAS E VERNIZES OU QUALQUER SUPERFÍCIES SÓLIDA UTILIZADA PARA DESINFECÇÃO DE AMBIENTES ATRAVÉS DE REAÇÃO FOTODINÂMICA,,geral,512014000804,2014,UNIVERSIDADE DE SÃO PAULO- USP,ENDOMETRIOSIS RESEARCH SYSTEM (ERS),Recup Dados  -  Recuperaçäo de Dados,geral
0.36613431210393443,0.9445708106103957,0.0008657191656209484,0.0,1,1,0,1,5.0,PI0505714   ,2005,Universidade Estadual de Campinas - UNICAMP,PROCESSO DE OBTENÇÃO DE COMPOSIÇÃO FITOTERÁPICA ANTINEOPLÁSICA A BASE DE EXTRATO VEGETAL DE BIDENS ALBA E COMPOSIÇÃO FITOTERÁPICA ANTINEOPLÁSICA  A BASE DE EXTRATO VEGETAL DE BIDENS ALBA,,geral,028736,2000,UNIVERSIDADE ESTADUAL DE CAMPINAS - UNICAMP,"COMODE - CONFIABILIDADE, MODELOS E ENSAIOS",CASE   -  Computer Aided Softw Engineering,geral
0.36611719954988725,0.9435165365310141,0.0010180872612874925,0.0,1,1,0,1,8.0,MU8803150   ,2008,Fundação Universidade Regional de Blumenau,"EQUIPAMENTO COMPOSTO POR REATOR CONTÍNUO DE PIRÓLISE COM LEITO CIRCULANTE DE ESFERAS, SISTEMA DE ALIMENTAÇÃO E SISTEMA DE SEPARAÇÃO PARA PRODUÇÃO DE COMBUSTÍVEIS, BIOCOMBUSTÍVEIS E PRODUTOS QUÍMICOS A PARTIR DE RESIDUO DE ESTAMPARIA",,cidades_inteligentes,029563,2000,FUNDAÇÃO UNIVERSIDADE REGIONAL DE BLUMENAU,SISTEMA INFORMATIZADO DE HORÁRIO ACADÊMICO,Planejament  -  Planejamento,geral
0.3658098783734301,0.9431658258734741,0.0006477141206271408,0.0,1,1,0,1,6.0,PI0503558   ,2005,UNIVERSIDADE FEDERAL FLUMINENSE - UFF,"COMPOSTOS TRIPANOSSOMICIDAS, COMPOSIÇÃO FARMACÊUTICA CONTENDO OS MESMOS E PROCESSO PARA A PRODUÇÃO DE COMPOSIÇÃO FARMACÊUTICA",,saude_digital,117215,2011,UNIVERSIDADE FEDERAL FLUMINENSE - UFF,LINGUAGEM XTEMPLATE 3.0,Ling N Prcd  -  Linguagem Näo Procedural Linguagem  -  Linguagens,geral
0.3656051553644722,0.9450367684163442,5.088710436251809e-05,0.0,1,1,0,1,8.0,PI0805712   ,2008,Universidade Federal do Paraná,PROCESSO DE OBTENÇÃO DE ÉSTERES DE ÁCIDOS GRAXOS POR CATÁLISE HETEROGÊNEA EMPREGANDO CARBOXILATOS METÁLICOS LAMELARES,,geral,512016000284,2016,UNIVERSIDADE FEDERAL DO PARANÁ,GEOTEC CLASSES,APLICATIVO -  APLICATIVOS Ent Val Dad  -  Entrada e Validaçäo da Dados Gerad Gráfc  -  Geradores de Gráficos Interf E&S -  Interface de Entrada e Saída,geral
0.3655595601465259,0.942532832481738,0.0004042084159422421,0.0,1,1,0,1,5.0,PI0901877   ,2009,Universidade Federal de Minas Gerais,"Processo de obtenção de nanoagregados contendo antagonistas do receptor at1 com cátions, formulações e usos",,geral,512014000742,2014,UNIVERSIDADE FEDERAL DE MINAS GERAIS,JORNADA EXPRESS,APLICATIVO -  APLICATIVOS Atm Escrt  -  Automaçäo de Escritório,industria_4_0
0.3655479550966429,0.9440299169717674,0.00013861243360591136,0.0,1,1,0,1,3.0,PI0805506   ,2008,UNIVERSIDADE ESTADUAL DE CAMPINAS - UNICAMP,PROCESSO PARA A PREPARAÇÃO DE LACTAMAS POLISSUBSTITUÍDAS,,geral,070082,2005,UNIVERSIDADE ESTADUAL DE CAMPINAS - UNICAMP,BIT NAVIGATOR,Contr Proc -  Controle de Processos Planejament  -  Planejamento Sim Amb Op -  Simuladores de Ambiente Operacional Simul & Mod  -  Simulaçäo e Modelagem Simulador  -  Simulador Vôo/Carro/Submarino/...,industria_4_0
0.36547315664851104,0.9438605479269706,6.26401050558556e-05,0.0,1,1,0,1,2.0,PI0506229   ,2005,Universidade Federal de Minas Gerais,PROCESSO DE OBTENÇÃO DE FILME SOL-GEL COM ÁREA PROJETADA; ARTIGO E UTILIZAÇÃO DO FILME,,geral,085323,2007,UNIVERSIDADE FEDERAL DE MINAS GERAIS,WSWELD,Aplc Tcn Ct  -  Aplicaçöes Técnico-Científicas Atm Indust -  Automaçäo Industrial Automaçäo  -  Automaçäo Dicion Dad -  Dicionário de Dados Gerd Aplic -  Gerador de Aplicaçöes e/ou Progr.,industria_4_0
0.36542115460685054,0.9438605479269706,-9.74705661960229e-06,0.0,1,1,0,1,2.0,PI0903935   ,2009,UNIVERSIDADE ESTADUAL DE CAMPINAS - UNICAMP,SISTEMA DE SÍNTESE DE ANIMAÇÃO FACIAL POR COMPUTADOR BASEADA NA MANIPULAÇÃO DE IMAGENS,,educacao_tecnologica,118584,2011,UNIVERSIDADE ESTADUAL DE CAMPINAS - UNICAMP,HTTP THRU,"Atm Manuf  -  Automaçäo da Manufatura (Controle Numérico Computadorizado, Robótica, etc)",industria_4_0
0.3653564651441429,0.2114967414515537,0.3730702040906906,0.07692307692307693,0,0,0,1,10.0,PI1005867   ,2010,Universidade Federal de Minas Gerais,ARMADILHA PARA CAPTURA DE FLEBOTOMÍNEOS E SEU USO,,geral,512020000636,2020,UNIVERSIDADE FEDERAL DOS VALES DO JEQUITINHONHA E MUCURI,Aplicativo para a vigilância epidemiológica com uso do prontuário eletrônico do cidadão: Panóptico,APLICATIVO -  APLICATIVOS,geral
0.36534574061386943,0.9438605479269706,-0.00011469413359099789,0.0,1,1,0,1,2.0,PI0901877   ,2009,Universidade Federal de Minas Gerais,"Processo de obtenção de nanoagregados contendo antagonistas do receptor at1 com cátions, formulações e usos",,geral,085323,2007,UNIVERSIDADE FEDERAL DE MINAS GERAIS,WSWELD,Aplc Tcn Ct  -  Aplicaçöes Técnico-Científicas Atm Indust -  Automaçäo Industrial Automaçäo  -  Automaçäo Dicion Dad -  Dicionário de Dados Gerd Aplic -  Gerador de Aplicaçöes e/ou Progr.,industria_4_0
0.36529157119254596,0.9434558760343663,-0.00012284472873291818,0.0,1,1,0,1,8.0,PI0503558   ,2005,UNIVERSIDADE FEDERAL FLUMINENSE - UFF,"COMPOSTOS TRIPANOSSOMICIDAS, COMPOSIÇÃO FARMACÊUTICA CONTENDO OS MESMOS E PROCESSO PARA A PRODUÇÃO DE COMPOSIÇÃO FARMACÊUTICA",,saude_digital,512013001192,2013,UNIVERSIDADE FEDERAL FLUMINENSE - UFF,JNS TRANSLATOR,Compilador -  Compilador,geral
0.3652552918368412,0.9381696059975386,0.0007096916326965186,0.0,1,1,0,1,7.0,MU8100701   ,2001,Universidade Estadual de Campinas - Unicamp,DISPOSIÇÃO CONSTRUTIVA INTRODUZIDA EM CONVERSOR CC-CA MONOFÁSICO COM COMUTAÇÃO EM BAIXA FREQUÊNCIA E BAIXA DISTORÇÃO HARMÔNICA,,geral,088954,2008,UNIVERSIDADE ESTADUAL DE CAMPINAS - UNICAMP,SIMBIOBUT,Aplc Tcn Ct  -  Aplicaçöes Técnico-Científicas CASE   -  Computer Aided Softw Engineering Sim Amb Op -  Simuladores de Ambiente Operacional Simul & Mod  -  Simulaçäo e Modelagem Simulador  -  Simulador Vôo/Carro/Submarino/...,geral
0.36518170925662286,0.3564619628812042,0.4179561022615986,0.0,0,0,0,1,9.0,PI1002828   ,2010,Universidade Federal do Paraná - UFPR,DISPOSITIVO CIRÚRGICO FACOFRAGMENTADOR MANUAL,,geral,512019002539,2019,UNIVERSIDADE FEDERAL DO PARANA,AVALIA TIS - PACIENTE CRÍTICO,APLICATIVO -  APLICATIVOS,saude_digital
0.36514927913851986,0.9434558760343663,-0.00032080181614824177,0.0,1,1,0,1,8.0,PI0602976   ,2006,Universidade Federal de Minas Gerais,ÉTER DI-ISOBORNÍLICO E O PROCESSO DE SÍNTESE DO ÉTER DI-ISOBORNÍLICO A PARTIR DO CANFENO CATALISADO POR HETEROPOLIÁCIDO,,geral,512014000742,2014,UNIVERSIDADE FEDERAL DE MINAS GERAIS,JORNADA EXPRESS,APLICATIVO -  APLICATIVOS Atm Escrt  -  Automaçäo de Escritório,industria_4_0
0.36500251621007407,0.9438241135059753,-0.0005858526132491715,0.0,1,1,0,1,10.0,PI0500959   ,2005,Universidade Estadual de Campinas - UNICAMP,"USO FARMACOLÓGICO DE INIBIDOR DA EXPRESSÃO DA PROTEÍNA COATIVADOR 1 ALFA DO RECEPTOR ATIVADO POR PROLIFERADOR DO PEROXISOMA (PGC-1(alfa)) PARA O TRATAMENTO DE DIABETES MELLITUS, RESISTÊNCIA À INSULINA E SÍNDROME METABÓLICA, SEU COMPOSTO E SUA COMPOSIÇÃO FARMACÊUTICOS",,saude_digital,512015000516,2015,UNIVERSIDADE ESTADUAL DE CAMPINAS - UNICAMP,LATEXVOICE,APLICATIVO -  APLICATIVOS Apoio Progm  -  Apoio à Programaçäo Ferrm Apoio  -  Ferramenta de Apoio Proc Texto -  Processadores de Texto,geral
0.36499461146464945,0.945305260526197,-0.0008417146949544208,0.0,1,1,0,1,8.0,PI0805482   ,2008,UNIVERSIDADE ESTADUAL DE CAMPINAS - UNICAMP,"PROCESSO DE PRODUÇÃO DAS LIGAS METÁLICAS Al-Si-Mg-Cu, LIGAS METÁLICAS Al-Si-Mg-Cu OBTIDAS PELO PROCESSO",,geral,512016001254,2016,UNIVERSIDADE ESTADUAL DE CAMPINAS - UNICAMP,SISTEMA DE MONITORAMENTO AGROMETEOROLÓGICO - AGRITEMPO 2.0,Recup Dados  -  Recuperaçäo de Dados,geral
0.3649209678284989,0.945305260526197,-0.0009438482411814331,0.0,1,1,0,1,8.0,PI0805450   ,2008,UNIVERSIDADE ESTADUAL DE CAMPINAS - UNICAMP,"PROCESSO DE PRODUÇÃO DAS LIGAS METÁLICAS Al-Si-Mg-Cu, LIGAS METÁLICAS Al-Si-Mg-Cu OBTIDAS PELO PROCESSO",,geral,028736,2000,UNIVERSIDADE ESTADUAL DE CAMPINAS - UNICAMP,"COMODE - CONFIABILIDADE, MODELOS E ENSAIOS",CASE   -  Computer Aided Softw Engineering,geral
0.36490835700208724,0.9401784355857842,-0.00011107476071869904,0.0,1,1,0,1,2.0,PI1001446   ,2010,Universidade Federal de Santa Catarina,PROCESSO DE EXTRAÇÃO DE COMPOSTOS ANTIOXIDANTES ASSISTIDO POR MICRO-ONDAS UTILIZANDO VEÍCULO APOLAR E COMPOSIÇÃO PRIMÁRIA OBTIDA,,geral,141966,2012,UNIVERSIDADE FEDERAL DE SANTA CATARINA,PRAXIS,NÃO INFORMADO,geral
0.36487915675163635,0.9433200655486124,-0.0006737660587938787,0.0,1,1,0,1,9.0,PI0503558   ,2005,UNIVERSIDADE FEDERAL FLUMINENSE - UFF,"COMPOSTOS TRIPANOSSOMICIDAS, COMPOSIÇÃO FARMACÊUTICA CONTENDO OS MESMOS E PROCESSO PARA A PRODUÇÃO DE COMPOSIÇÃO FARMACÊUTICA",,saude_digital,512014000387,2014,UNIVERSIDADE FEDERAL FLUMINENSE - UFF,SOFTWARE PROTOCOLO DE AVALIAÇÃO DO CLIENTE EM DERMATOLOGIA,Interf E&S -  Interface de Entrada e Saída,educacao_tecnologica
0.3648644661471377,0.9434558760343663,-0.0007166587089437737,0.0,1,1,0,1,8.0,PI0500959   ,2005,Universidade Estadual de Campinas - UNICAMP,"USO FARMACOLÓGICO DE INIBIDOR DA EXPRESSÃO DA PROTEÍNA COATIVADOR 1 ALFA DO RECEPTOR ATIVADO POR PROLIFERADOR DO PEROXISOMA (PGC-1(alfa)) PARA O TRATAMENTO DE DIABETES MELLITUS, RESISTÊNCIA À INSULINA E SÍNDROME METABÓLICA, SEU COMPOSTO E SUA COMPOSIÇÃO FARMACÊUTICOS",,saude_digital,512013000748,2013,UNIVERSIDADE ESTADUAL DE CAMPINAS - UNICAMP,MATVOX,APLICATIVO -  APLICATIVOS Apoio Progm  -  Apoio à Programaçäo Gerd Aplic -  Gerador de Aplicaçöes e/ou Progr. Interptd   -  Interpretador Proc Texto -  Processadores de Texto,geral
0.3647755991533003,0.9444324967640144,-0.0010014346698259402,0.0,1,1,0,1,0.0,PI0803774   ,2008,Universidade Federal de Santa Catarina - UFSC,PROCESSO E REATOR DE PLASMA PARA TRATAMENTO DE PEÇAS METÁLICAS,,geral,093042,2008,UNIVERSIDADE FEDERAL DE SANTA CATARINA-UFSC,SISTEMA WEB DE TELEMEDICINA,Com Dados  -  Comunicaçäo de Dados Transm Dados -  Transmissäo de Dados,saude_digital
0.36468421534354484,0.942532832481738,-0.0008142329040479179,0.0,1,1,0,1,5.0,PI0703180   ,2007,UNIVERSIDADE FEDERAL DE VIÇOSA,PROCESSO PARA INDUÇÃO DA GERMINAÇÃO E PRODUÇÃO DE SEMENTES PRÉ-GERMINADAS DE MACAÚBA (Acrocomia aculeata (Jacq.) Lodd. ex. Mart),,agricultura_inteligente,134110,2012,UNIVERSIDADE FEDERAL DE VIÇOSA,SELECT,Pesq Operac  -  Pesquisa Operacional,geral
0.3646828407974534,0.9434558760343663,-0.0009688351439598453,0.0,1,1,0,1,8.0,PI1001158   ,2010,Universidade Federal de Lavras,PRODUÇÃO DE ADESIVOS NATURAIS PARA MADEIRA,,geral,512018000396,2018,UNIVERSIDADE FEDERAL DE LAVRAS,Casa Assistiva,Automaçäo  -  Automaçäo,industria_4_0
0.3646484211809406,0.9415674175946533,-0.0007039828370281054,0.0,1,1,0,1,7.0,PI0903935   ,2009,UNIVERSIDADE ESTADUAL DE CAMPINAS - UNICAMP,SISTEMA DE SÍNTESE DE ANIMAÇÃO FACIAL POR COMPUTADOR BASEADA NA MANIPULAÇÃO DE IMAGENS,,educacao_tecnologica,512016001254,2016,UNIVERSIDADE ESTADUAL DE CAMPINAS - UNICAMP,SISTEMA DE MONITORAMENTO AGROMETEOROLÓGICO - AGRITEMPO 2.0,Recup Dados  -  Recuperaçäo de Dados,geral
0.36460419983710907,0.9445183758216654,-0.0012532301072181173,0.0,1,1,0,1,1.0,MU8600257   ,2006,Universidade Federal de Minas Gerais,CONTÊINER PARA TRANSPORTE E CONSERVAÇÃO DE IMUNOBIOLÓGICOS,,geral,085323,2007,UNIVERSIDADE FEDERAL DE MINAS GERAIS,WSWELD,Aplc Tcn Ct  -  Aplicaçöes Técnico-Científicas Atm Indust -  Automaçäo Industrial Automaçäo  -  Automaçäo Dicion Dad -  Dicionário de Dados Gerd Aplic -  Gerador de Aplicaçöes e/ou Progr.,industria_4_0
0.36453753188395954,0.9383114104115758,-0.0003167051547967592,0.0,1,1,0,1,7.0,PI0701386   ,2007,Universidade de São Paulo - USP,SOLUÇÃO FOTOSSENSÍVEL INTRODUZIDA EM TINTAS E VERNIZES OU QUALQUER SUPERFÍCIES SÓLIDA UTILIZADA PARA DESINFECÇÃO DE AMBIENTES ATRAVÉS DE REAÇÃO FOTODINÂMICA,,geral,512014000726,2014,UNIVERSIDADE DE SÃO PAULO- USP,ÓRBITA VIZ,Planejament  -  Planejamento,geral
0.3645028154418879,0.3760861283549065,0.38517472238823824,0.0,0,0,0,1,9.0,PI1002828   ,2010,Universidade Federal do Paraná - UFPR,DISPOSITIVO CIRÚRGICO FACOFRAGMENTADOR MANUAL,,geral,512019002538,2019,UNIVERSIDADE FEDERAL DO PARANA,AVALIA TIS - TRATAMENTO CLÍNICO,APLICATIVO -  APLICATIVOS,saude_digital
0.36450069802669166,0.9442142533229017,-0.001346552056874728,0.0,1,1,0,1,5.0,PI0405324   ,2004,Universidade Estadual de Campinas - UNICAMP,PROCESSO DE OBTENÇÃO DE SUPERFÍCIES TUBULARES RUGOSAS PARA ELEVAÇÃO E ESCOAMENTO DE PETRÓLEO ULTRAVISCOSO LUBRIFICADO COM ÁGUA,,geral,097670,2009,UNIVERSIDADE ESTADUAL DE CAMPINAS - UNICAMP,SVAW-GPA,Apoio Progm  -  Apoio à Programaçäo Com Dados  -  Comunicaçäo de Dados Convers Sis  -  Conversor de Sistemas Ferrm Apoio  -  Ferramenta de Apoio Proc Texto -  Processadores de Texto,geral
0.36449115721280473,0.9424285406002596,-0.0010650819925512867,0.0,1,1,0,1,5.0,PI0803283   ,2008,Universidade Estadual de Maringá,SENSOR ELETRÔNICO PARA DETERMINAÇÃO DO TEOR DE ÁLCOOIS EM HIDROCARBONETOS,,industria_4_0,512013001083,2013,UNIVERSIDADE ESTADUAL DE MARINGÁ,ADRIX - AMBIENTE DE DESENVOLVIMENTO DE REDES INTELIGENTES,APLICATIVO -  APLICATIVOS Ger de Rede  -  Gerenciador de Rede de Comunicaçäo de Dados Gerenc Info  -  Gerenciador de Informaçöes Instrument -  Instrumentaçäo Planejament  -  Planejamento,geral
0.3644581900480807,0.008171610084093913,0.4373402686267809,0.18181818181818182,0,0,1,1,10.0,PI0804894   ,2008,Universidade Federal de São Paulo - UNIFESP,"PROCESSO IN VITRO DE AVALIAÇÃO DA FERTILIDADE DE MAMÍFEROS, KIT DE DIAGNÓSTICO E MARCADORES MOLECULARES DE FERTILIDADE",,educacao_tecnologica,512018000822,2018,UNIVERSIDADE FEDERAL DO RIO GRANDE DO SUL,Avaliação e Diagnóstico da Ansiedade,APLICATIVO -  APLICATIVOS,educacao_tecnologica
0.3644581900480807,0.008171610084093913,0.4373402686267809,0.18181818181818182,0,0,1,1,10.0,PI0804358   ,2008,Universidade Federal de São Paulo - UNIFESP,"PROCESSO IN VITRO DE AVALIAÇÃO DA FERTILIDADE DE MAMÍFEROS, KIT DE DIAGNÓSTICO E MARCADORES MOLECULARES DE FERTILIDADE",,educacao_tecnologica,512018000822,2018,UNIVERSIDADE FEDERAL DO RIO GRANDE DO SUL,Avaliação e Diagnóstico da Ansiedade,APLICATIVO -  APLICATIVOS,educacao_tecnologica
0.3642970808287252,0.9438241135059753,-0.0015643877599449407,0.0,1,1,0,1,10.0,PI0602414   ,2006,Universidade Estadual de Campinas - UNICAMP,MANÔMETRO DE PEQUENA ESCALA PARA AVALIAÇÃO DE INDICADORES DO TÔNUS MUSCULAR DE RECÉM-NASCIDOS,,educacao_tecnologica,512016001254,2016,UNIVERSIDADE ESTADUAL DE CAMPINAS - UNICAMP,SISTEMA DE MONITORAMENTO AGROMETEOROLÓGICO - AGRITEMPO 2.0,Recup Dados  -  Recuperaçäo de Dados,geral
0.36428952499435135,0.9424285406002596,-0.0013448640656270605,0.0,1,1,0,1,5.0,PI0816292   ,2010,Universidade Federal de Santa Catarina - UFSC,PROCESSO PARA A PREPARAÇÃO DE UM EXTRATO DE PLANTA PASSIFLORA ALATA E USO DO DITO EXTRATO EM COMPOSIÇÕES COSMÉTICAS E FARMACÊUTICAS.,,agricultura_inteligente,512015000229,2015,UNIVERSIDADE FEDERAL DE SANTA CATARINA-UFSC,COGPACER,Ger Dispost  -  Gerenc. Disposit. e Periféricos Interf Com -  Interface de Comunicaçäo,geral
0.36428028505435284,0.2657268093807724,0.30072059236458837,0.06666666666666667,0,0,0,1,6.0,PI0506028   ,2005,Universidade Estadual de Campinas - Unicamp,"EQUIPAMENTO MODULAR MULTIPROPÓSITO PARA DESENVOLVIMENTO E REALIZAÇÃO DE PROCESSOS A ALTA PRESSÃO, E USO DE REFERIDO EQUIPAMENTO",,geral,122284,2011,"UNIVERSIDADE ESTADUAL PAULISTA ""JÚLIO DE MESQUITA FILHO""",SISTEMA PLANO DE DESENVOLVIMENTO INSTITUCIONAL - SISPDI,Planejament  -  Planejamento,geral
0.3642252213993093,0.9445183758216654,-0.0017779887957529716,0.0,1,1,0,1,1.0,PI0602976   ,2006,Universidade Federal de Minas Gerais,ÉTER DI-ISOBORNÍLICO E O PROCESSO DE SÍNTESE DO ÉTER DI-ISOBORNÍLICO A PARTIR DO CANFENO CATALISADO POR HETEROPOLIÁCIDO,,geral,085323,2007,UNIVERSIDADE FEDERAL DE MINAS GERAIS,WSWELD,Aplc Tcn Ct  -  Aplicaçöes Técnico-Científicas Atm Indust -  Automaçäo Industrial Automaçäo  -  Automaçäo Dicion Dad -  Dicionário de Dados Gerd Aplic -  Gerador de Aplicaçöes e/ou Progr.,industria_4_0
0.3641850151746903,0.943925625090289,-0.0017362421158912955,0.0,1,1,0,1,3.0,PI0805450   ,2008,UNIVERSIDADE ESTADUAL DE CAMPINAS - UNICAMP,"PROCESSO DE PRODUÇÃO DAS LIGAS METÁLICAS Al-Si-Mg-Cu, LIGAS METÁLICAS Al-Si-Mg-Cu OBTIDAS PELO PROCESSO",,geral,070082,2005,UNIVERSIDADE ESTADUAL DE CAMPINAS - UNICAMP,BIT NAVIGATOR,Contr Proc -  Controle de Processos Planejament  -  Planejamento Sim Amb Op -  Simuladores de Ambiente Operacional Simul & Mod  -  Simulaçäo e Modelagem Simulador  -  Simulador Vôo/Carro/Submarino/...,industria_4_0
0.36397759982836614,0.9444324967640144,-0.0021063102883962515,0.0,1,1,0,1,0.0,PI0306771   ,2003,Fundação Universidade de Brasília,DISPOSITIVO AUTOMOTIVO MULTIFUNCIONAL DIGITAL E SISTEMA DE CONTROLE PARA O MESMO,,industria_4_0,051270,2003,FUNDAÇÃO UNIVERSIDADE DE BRASÍLIA,LOCAL MESSAGE,Comut Dados  -  Comutaçäo de Dados Impl Fun Ad  -  Implementador de Funçöes Adicionais Term Op&Man  -  Terminal de Operaçäo e Manutençäo de Central Terminais  -  Terminais,geral
0.3637889453499246,0.942453193938207,-0.002042425198411024,0.0,1,1,0,1,10.0,PI0304014   ,2003,Universidade Estadual de Campinas - UNICAMP,MÉTODO PARA AUMENTAR A PRODUÇÃO DE DAIDZEÍNA E GENISTEÍNA EM SOJA,,geral,512013000748,2013,UNIVERSIDADE ESTADUAL DE CAMPINAS - UNICAMP,MATVOX,APLICATIVO -  APLICATIVOS Apoio Progm  -  Apoio à Programaçäo Gerd Aplic -  Gerador de Aplicaçöes e/ou Progr. Interptd   -  Interpretador Proc Texto -  Processadores de Texto,geral
0.36371468178805405,0.942453193938207,-0.0021451763682778235,0.0,1,1,0,1,10.0,PI0506028   ,2005,Universidade Estadual de Campinas - Unicamp,"EQUIPAMENTO MODULAR MULTIPROPÓSITO PARA DESENVOLVIMENTO E REALIZAÇÃO DE PROCESSOS A ALTA PRESSÃO, E USO DE REFERIDO EQUIPAMENTO",,geral,512015000516,2015,UNIVERSIDADE ESTADUAL DE CAMPINAS - UNICAMP,LATEXVOICE,APLICATIVO -  APLICATIVOS Apoio Progm  -  Apoio à Programaçäo Ferrm Apoio  -  Ferramenta de Apoio Proc Texto -  Processadores de Texto,geral
0.36359192624366593,0.9430008734953479,-0.0024047183812367923,0.0,1,1,0,1,6.0,PI0701850   ,2007,Fundação Universidade de Brasília,Processo de síntese do catalisador de tris-dodecilsulfato de cério para a produção de biodiesel,,geral,512013001100,2013,FUNDAÇÃO UNIVERSIDADE DE BRASÍLIA,ROBO-GRUPOS,Recup Dados  -  Recuperaçäo de Dados Transf Arq -  Transferência de Arquivos,industria_4_0
0.36354787368862684,0.9433200655486124,-0.0025178358283362012,0.0,1,1,0,1,9.0,PI0503558   ,2005,UNIVERSIDADE FEDERAL FLUMINENSE - UFF,"COMPOSTOS TRIPANOSSOMICIDAS, COMPOSIÇÃO FARMACÊUTICA CONTENDO OS MESMOS E PROCESSO PARA A PRODUÇÃO DE COMPOSIÇÃO FARMACÊUTICA",,saude_digital,512014000684,2014,UNIVERSIDADE FEDERAL FLUMINENSE - UFF,LINGUAGEM JNS,Linguagem  -  Linguagens,geral
0.3633492778105622,0.9419661435485495,-0.002570504679983987,0.0,1,1,0,1,4.0,PI0900259   ,2009,UNIVERSIDADE ESTADUAL DE CAMPINAS - UNICAMP,PROCESSO PARA DETECÇÃO DE FALHAS EM SISTEMAS MECÂNICOS E ESTRUTURAIS USANDO FILTROS DISCRETOS,,geral,512013000526,2013,UNIVERSIDADE ESTADUAL DE CAMPINAS - UNICAMP,POL_SAC 2.0,Adm Dispost  -  Administrador de Dispositivos Inst Analt -  Instrumentaçäo Analítica Interf Com -  Interface de Comunicaçäo,geral
0.3633134275523866,0.9437562560454922,-0.0029126494894462507,0.0,1,1,0,1,2.0,MU8300454   ,2003,Universidade Estadual de Campinas - UNICAMP,DISPOSITIVO PARA TRATAMENTO DE COLMOS DE BAMBU SOB PRESSÃO.,,geral,070082,2005,UNIVERSIDADE ESTADUAL DE CAMPINAS - UNICAMP,BIT NAVIGATOR,Contr Proc -  Controle de Processos Planejament  -  Planejamento Sim Amb Op -  Simuladores de Ambiente Operacional Simul & Mod  -  Simulaçäo e Modelagem Simulador  -  Simulador Vôo/Carro/Submarino/...,industria_4_0
0.36318317010097906,0.9438279221116748,-0.003103897760348584,0.0,1,1,0,1,5.0,PI0902588   ,2009,Universidade Federal de Goiás,ASSOCIAÇÃO DE FUNGOS DE DECOMPOSIÇÃO BRANCA AO PROCESSO DE FILTRAÇÃO LENTA,,geral,512014001582,2014,UNIVERSIDADE FEDERAL DE GOIÁS,OTIMIM - FACE,Interf E&S -  Interface de Entrada e Saída,geral
0.36311648359325593,0.9448640393244563,-0.0033643157820375524,0.0,1,1,0,1,8.0,PI0800602   ,2008,Universidade Federal do Paraná,UTILIZAÇÃO DE DERIVADOS DO ESTEVIOSÍDEO COMO REGULADORES DE CRESCIMENTO VEGETAL EM UVA,,geral,512016000287,2016,UNIVERSIDADE FEDERAL DO PARANÁ,CADERNETA GEOLÓGICA DIGITAL,Aplc Tcn Ct  -  Aplicaçöes Técnico-Científicas Ent Val Dad  -  Entrada e Validaçäo da Dados Gerad Gráfc  -  Geradores de Gráficos Interf E&S -  Interface de Entrada e Saída,geral
0.36307650624036186,0.9414631257131749,-0.0028649492211825223,0.0,1,1,0,1,7.0,PI0910090   ,2009,Universidade Federal do Ceará,PROCEDIMENTOS PARA OBTENÇÃO DE ESPONJAS A PARTIR DE GALACTOMANANAS DE ADENANTHERA PAVONINA E DE BLENDAS DESSA GALACTOMANANA COM OUTROS BIOPOLÍMEROS,,geral,512016000871,2016,UNIVERSIDADE FEDERAL DO CEARA,FORÇAS INTERMOLECULARES - SOFTWARE EDUCACIONAL,APLICATIVO -  APLICATIVOS,educacao_tecnologica
0.3630723834928126,0.9433200655486124,-0.003173822691405759,0.0,1,1,0,1,9.0,PI0703622   ,2007,Universidade Federal de Santa Catarina - UFSC,MÓDULO DE REFRIGERAÇÃO E SISTEMA DE REFRIGERAÇÃO,,geral,512016001109,2016,UNIVERSIDADE FEDERAL DE SANTA CATARINA-UFSC,COLLECTA,APLICATIVO -  APLICATIVOS Auditoria  -  Auditoria Aval Desemp  -  Avaliaçäo de Desempenho Interf E&S -  Interface de Entrada e Saída Planejament  -  Planejamento,educacao_tecnologica
0.36284855720985254,0.3853178911924908,0.3655904170216038,0.0,0,0,0,1,4.0,PI0900450   ,2009,UNIVERSIDADE FEDERAL DO RIO GRANDE DO SUL - UFRGS,"CONSTRUÇÃO GÊNICA, PROCESSO PARA MODULAR A RESPOSTA OXIDATIVA EM ARROZ, PROCESSO PARA MODULAR A TOLERÂNCIA DE PLANTAS DE ALUMÍNIO",,agricultura_inteligente,512013001381,2013,UNIVERSIDADE FEDERAL DE SANTA MARIA - UFSM,PROGRAMA PARA EQUIPAMENTO DE CPM COMPUTADORIZADO,Interf E&S -  Interface de Entrada e Saída,geral
0.36280843398827595,0.9336367724730323,-0.0019469019801012788,0.0,1,1,0,1,2.0,PI1004449   ,2010,UNIVERSIDADE FEDERAL DE MINAS GERAIS,KIT PARA TESTAR A POTÊNCIA NEUTRALIZANTE DE SORO ANTI-BOTHRÓPICO IN VITRO,,geral,130923,2012,UNIVERSIDADE FEDERAL DE MINAS GERAIS,RESIDE,APLICATIVO -  APLICATIVOS Pesq Operac  -  Pesquisa Operacional,geral
0.362728048346328,0.942453193938207,-0.0035070475413738755,0.0,1,1,0,1,10.0,PI0605123   ,2006,"Instituto Federal de Educação, Ciência e Tecnologia da Bahia",AMÊNDOAS DE LICURI REVESTIDAS,,geral,512016000565,2016,"INSTITUTO FEDERAL DE EDUCAÇÃO, CIÊNCIA E TECNOLOGIA DA BAHIA",SOMORE - SISTEMA DE APOIO À DECISÃO NA REATIVAÇÃO DE CAMPOS DE PETRÓLEO,Ferrm Apoio  -  Ferramenta de Apoio Planejament  -  Planejamento Sim Amb Op -  Simuladores de Ambiente Operacional Sist Especl  -  Sistemas Especialistas,geral
0.36260208463329036,0.35055742346610613,0.26993266658199455,0.04,0,0,0,1,1.0,PI0802290   ,2008,Universidade de São Paulo - USP,PRODUTO A BASE DE QUITOSANA E PROCESSO DE IMPREGNAÇÃO DO MESMO EM TÊXTEIS,,geral,083984,2007,UNIVERSIDADE DE SÃO PAULO,VOCABULÁRIO CONTROLADO USP: BASE DE DADOS DE DESCRITORES EM LÍNGUA PORTUGUESA PARA INDEXAÇÃO E RECUPERAÇÃO DA INFORMAÇÃO,APLICATIVO -  APLICATIVOS Dicion Dad -  Dicionário de Dados Gerenc Info  -  Gerenciador de Informaçöes,geral
0.362526550831848,0.9435664883103654,-0.003965079361907264,0.0,1,1,0,1,2.0,PI1000793   ,2010,Fundação Universidade do Amazonas,"MATRIZ CIMENTÍCIA, PROCESSO DE PRODUÇÃO E USO DE SÍLICA GEL COMO POZOLANA E FILLER",,geral,142855,2012,FUNDAÇAO UNIVERSIDADE DO AMAZONAS,FERRAMENTA DE TESTES DE INTEGRAÇÃO SISTÊMICA PARA CENTRAIS DE TELECOM,Atm Indust -  Automaçäo Industrial Aval Desemp  -  Avaliaçäo de Desempenho Sim Amb Op -  Simuladores de Ambiente Operacional,industria_4_0
0.3624569136352914,0.9435664883103654,-0.004060773839227538,0.0,1,1,0,1,2.0,PI0803354   ,2008,Instituto Nacional de Tecnologia,PROCESSO PARA O PRÉ-TRATAMENTO DE BIOMASSA LIGNOCELULÓSICA,,geral,076020,2006,INSTITUTO NACIONAL DE TECNOLOGIA,SIGESC WEB-TECNOLOGIA DE GESTÃO DE INSTITUIÇÃO DE ENSINO- V1,Aplc Tcn Ct  -  Aplicaçöes Técnico-Científicas Atm Escrt  -  Automaçäo de Escritório Automaçäo  -  Automaçäo,industria_4_0
0.3622570111570661,0.9446742715893297,-0.004514200396715129,0.0,1,1,0,1,8.0,PI1000296   ,2010,Universidade Tecnológica Federal do Paraná,Método de Resolução de Conflito e Garantia de Determinismo para o Paradigma Orientado a Notificações (PON),,geral,512018052063,2018,UNIVERSIDADE TECNOLOGICA FEDERAL DO PARANA,Conversor de impedância em condutividade protônica,Convers Sis  -  Conversor de Sistemas,geral
0.3621400200677543,0.9406615162657858,-0.004025253354912772,0.0,1,1,0,1,3.0,PI0601672   ,2006,Universidade Estadual de Campinas - UNICAMP,USO DAS BANDAS DE HUNTER-SCHREGER DO ESMALTE DENTAL COMO PARÂMETRO BIOMÉTRICO PARA IDENTIFICAÇÃO HUMANA E ANIMAL,,geral,050165,2003,UNIVERSIDADE ESTADUAL DE CAMPINAS - UNICAMP,CICLO DE VIDA EM VEGETAIS,APLICATIVO -  APLICATIVOS Utilitários  -  Utilitários,geral
0.3620230325432246,0.9406615162657858,-0.00418621516029849,0.0,1,1,0,1,3.0,PI0601672   ,2006,Universidade Estadual de Campinas - UNICAMP,USO DAS BANDAS DE HUNTER-SCHREGER DO ESMALTE DENTAL COMO PARÂMETRO BIOMÉTRICO PARA IDENTIFICAÇÃO HUMANA E ANIMAL,,geral,097670,2009,UNIVERSIDADE ESTADUAL DE CAMPINAS - UNICAMP,SVAW-GPA,Apoio Progm  -  Apoio à Programaçäo Com Dados  -  Comunicaçäo de Dados Convers Sis  -  Conversor de Sistemas Ferrm Apoio  -  Ferramenta de Apoio Proc Texto -  Processadores de Texto,geral
0.36177360022064914,0.9412733579780482,-0.004628157032271263,0.0,1,1,0,1,7.0,PI0704888   ,2007,UNIVERSIDADE DE SÃO PAULO - USP,SUPORTE PARA INSTALAÇÃO DE ANTENAS EM PAREDES EXTERNAS DE EDIFÍCIOS,,geral,512014000676,2014,UNIVERSIDADE DE SÃO PAULO- USP,"""O USO DO AMBIENTE VIRTUAL DE APRENDIZAGEM NA EDUCAÇÃO DO CUIDADOR DE INDIVÍDUOS COM LESÃO MEDULAR""",APLICATIVO -  APLICATIVOS,educacao_tecnologica
0.3615528071884356,0.9431302978134857,-0.005230358853097528,0.0,1,1,0,1,9.0,PI1000482   ,2010,Universidade de São Paulo - USP,MÉTODO DE PREPARAÇÃO E USO DE NANOPARTÍCULAS DE ALFA HIDRÓXIDO DE NÍQUEL NA FORMA DE SOL E GEL,,geral,512019002523,2019,UNIVERSIDADE DE SÃO PAULO - USP,MENDELEEV,Controle   -  Controle,industria_4_0
0.36133817581550526,0.9433767600977868,-0.005563595153320389,0.0,1,1,0,1,2.0,PI1002363   ,2010,Fundação Universidade de Brasília,"PROCESSO PARA A APLICAÇÃO DA TÉCNICA DE ADIÇÃO DE FIBRAS NATURAIS RENOVÁVEIS NA MELHORIA DE SOLOS, MISTURAS BETUMINOSAS E ARGAMASSAS E CONCRETOS DE CIMENTO PORTLAND",,agricultura_inteligente,132560,2012,FUNDAÇÃO UNIVERSIDADE DE BRASÍLIA,ROBÔ - CV,Ent Val Dad  -  Entrada e Validaçäo da Dados Recup Dados  -  Recuperaçäo de Dados Transf Arq -  Transferência de Arquivos,industria_4_0
0.36131003835695374,0.9440530008163088,-0.005710432873440974,0.0,1,1,0,1,0.0,PI0502861   ,2005,UNIVERSIDADE ESTADUAL DE CAMPINAS - UNICAMP,MÉTODO DE QUANTIFICAÇÃO DE ALUMÍNIO EM SÍLICA POR ESPALHAMENTO DE RAIOS-X ALIADO A QUIMIOMETRIA,,geral,070082,2005,UNIVERSIDADE ESTADUAL DE CAMPINAS - UNICAMP,BIT NAVIGATOR,Contr Proc -  Controle de Processos Planejament  -  Planejamento Sim Amb Op -  Simuladores de Ambiente Operacional Simul & Mod  -  Simulaçäo e Modelagem Simulador  -  Simulador Vôo/Carro/Submarino/...,industria_4_0
0.3612265908531089,0.94344461755827,-0.005727003764042671,0.0,1,1,0,1,10.0,PI0401220   ,2004,UNIVERSIDADE ESTADUAL DE CAMPINAS - UNICAMP,TÉCNICA E DISPOSITIVO DE ELIMINAÇÃO DO ESPALHAMENTO BRILLOUIN ESTIMULADO POR APLICAÇÃO DE UMA TENSÃO MECÂNICA APLICADO EM UM CONVERSOR DE COMPRIMENTO DE ONDA ÓPTICO,,geral,512014001411,2014,UNIVERSIDADE ESTADUAL DE CAMPINAS - UNICAMP,FLEXMONITORWS,Adm Dispost  -  Administrador de Dispositivos Aval Desemp  -  Avaliaçäo de Desempenho Ferrm Apoio  -  Ferramenta de Apoio Man Intg Dd  -  Manutençäo da Integridade dos Dados Monitor TP -  Monitores de Teleprocessamento,educacao_tecnologica
0.36107851404017743,0.9418119420975962,-0.005667600569675413,0.0,1,1,0,1,10.0,PI0602512   ,2006,Universidade Estadual de Campinas - UNICAMP,PROCESSO E SISTEMA PARA SEPARAÇÃO DE FENOL DE ÁGUA UTILIZANDO DESTILAÇÃO REATIVA,,geral,512016001352,2016,UNIVERSIDADE ESTADUAL DE CAMPINAS - UNICAMP,CKPREVISC,APLICATIVO -  APLICATIVOS Auditoria  -  Auditoria Contabiliz -  Contabiliz Ent Val Dad  -  Entrada e Validaçäo da Dados Gerenc Info  -  Gerenciador de Informaçöes,geral
0.3603872007184608,0.02012717233848863,0.5897887118378488,0.14285714285714285,0,0,1,1,5.0,PI0705152   ,2007,Universidade Federal de Minas Gerais,MEDIÇÃO DO TEMPERAMENTO ANIMAL,,saude_digital,136061,2012,UNIVERSIDADE ESTADUAL DE CAMPINAS - UNICAMP,IVSMB,Inst T&M   -  Instrumentaçäo de Teste e Mediçäo,saude_digital
0.36032511863861344,0.9430913042401674,-0.006900231185527739,0.0,1,1,0,1,8.0,PI1001434   ,2010,Universidade Federal do Para,APLICAÇÃO DE DERIVADOS DA ASSOCIAÇÃO MOLECULAR DO P-AMINOFENOL E SALICILATOS COMO ANTIAGREGANTES PLAQUETÁRIOS E INIBIDORES DE RADICAIS LIVRES,,geral,512018052222,2018,UNIVERSIDADE FEDERAL DO PARÁ,GERADOR DE CURVAS DE PERMANÊNCIA DE VAZÕES AMAZÔNIA - GCPVA,Gerad Gráfc  -  Geradores de Gráficos,geral
0.3599337971069111,0.9421297854578722,-0.007280009785766373,0.0,1,1,0,1,9.0,MU8403653   ,2004,UNIVERSIDADE ESTADUAL DE CAMPINAS - UNICAMP,CEFALÔMETRO PARA TOMADA DE REGISTROS FACIAIS EM NORMA FRONTAL E LATERAL,,geral,512013000748,2013,UNIVERSIDADE ESTADUAL DE CAMPINAS - UNICAMP,MATVOX,APLICATIVO -  APLICATIVOS Apoio Progm  -  Apoio à Programaçäo Gerd Aplic -  Gerador de Aplicaçöes e/ou Progr. Interptd   -  Interpretador Proc Texto -  Processadores de Texto,geral
0.35989613253198044,0.9429034374919567,-0.007453955710787996,0.0,1,1,0,1,6.0,PI0704314   ,2007,Universidade Estadual de Maringá,PLANTADORA AUTOMÁTICA DE CANA PICADA,,agricultura_inteligente,512013001083,2013,UNIVERSIDADE ESTADUAL DE MARINGÁ,ADRIX - AMBIENTE DE DESENVOLVIMENTO DE REDES INTELIGENTES,APLICATIVO -  APLICATIVOS Ger de Rede  -  Gerenciador de Rede de Comunicaçäo de Dados Gerenc Info  -  Gerenciador de Informaçöes Instrument -  Instrumentaçäo Planejament  -  Planejamento,geral
0.35988419135644883,0.9373965274910525,-0.006592416803263834,0.0,1,1,0,1,3.0,PI0602512   ,2006,Universidade Estadual de Campinas - UNICAMP,PROCESSO E SISTEMA PARA SEPARAÇÃO DE FENOL DE ÁGUA UTILIZANDO DESTILAÇÃO REATIVA,,geral,050165,2003,UNIVERSIDADE ESTADUAL DE CAMPINAS - UNICAMP,CICLO DE VIDA EM VEGETAIS,APLICATIVO -  APLICATIVOS Utilitários  -  Utilitários,geral
0.3598092790533946,0.9421650238584502,-0.007454952677432791,0.0,1,1,0,1,5.0,PI0705954   ,2007,FUNDAÇÃO UNIVERSIDADE FEDERAL DE SÃO CARLOS,SENSOR DE CONDUTIVIDADE E MÉTODO PARA CONTROLE DO ESCOAMENTO DO BIODIESEL E DE PRODUTOS EM FASE LÍQUIDA DE CONDUTIVIDADES DIVERSAS,,industria_4_0,131920,2012,FUNDAÇÃO UNIVERSIDADE FEDERAL DE SÃO CARLOS,SCAN FOR MARC,Ent Val Dad  -  Entrada e Validaçäo da Dados Interf Com -  Interface de Comunicaçäo Interf E&S -  Interface de Entrada e Saída Interptd   -  Interpretador,geral
0.3597696148522284,0.9430913042401674,-0.007655590667605239,0.0,1,1,0,1,8.0,PI0900869   ,2009,UNIVERSIDADE ESTADUAL DE CAMPINAS - UNICAMP,Processo de desacidificação de óleos e gorduras por extração líquido-líquido e processo de purificação de biodiesel e de tratamento do reagente alcoólico,,geral,512017000420,2017,UNIVERSIDADE ESTADUAL DE CAMPINAS - UNICAMP,"""MULTI MINERAL FISSION TRACK THERMAL HISTORY - MULTIMINFTTH""",APLICATIVO -  APLICATIVOS Gerad Gráfc  -  Geradores de Gráficos,geral
0.35936741299576286,0.019559617010458386,0.5897887118378488,0.14285714285714285,0,0,1,1,3.0,PI0705152   ,2007,Universidade Federal de Minas Gerais,MEDIÇÃO DO TEMPERAMENTO ANIMAL,,saude_digital,105075,2010,UNIVERSIDADE DE SÃO PAULO,MAGVIEW 2.0,Inst T&M   -  Instrumentaçäo de Teste e Mediçäo,saude_digital
0.3592314260960663,0.9421297854578722,-0.008234030966390637,0.0,1,1,0,1,9.0,PI0604162   ,2006,Universidade Federal do Paraná,"ADIÇÃO DE CARGAS LAMELARES, COMO AGENTES RETARDANTES DE CHAMA E/OU INIBIDORES DE FUMAÇA, EM POLÍMEROS VIRGENS OU RECICLADOS, DE ORIGEM NATURAL E/OU SINTÉTICA",,geral,512015001406,2015,UNIVERSIDADE FEDERAL DO PARANÁ,GPS GEOLÓGICO GEOTEC,APLICATIVO -  APLICATIVOS Ent Val Dad  -  Entrada e Validaçäo da Dados Gerad Gráfc  -  Geradores de Gráficos Interf E&S -  Interface de Entrada e Saída,geral
0.35910947906274066,0.9432226295452212,-0.008571399244452271,0.0,1,1,0,1,9.0,PI0401220   ,2004,UNIVERSIDADE ESTADUAL DE CAMPINAS - UNICAMP,TÉCNICA E DISPOSITIVO DE ELIMINAÇÃO DO ESPALHAMENTO BRILLOUIN ESTIMULADO POR APLICAÇÃO DE UMA TENSÃO MECÂNICA APLICADO EM UM CONVERSOR DE COMPRIMENTO DE ONDA ÓPTICO,,geral,512013001263,2013,UNIVERSIDADE ESTADUAL DE CAMPINAS - UNICAMP,CDP CMD,Contr Proc -  Controle de Processos,industria_4_0
0.3588324958060559,0.3736333036164748,0.3655904170216038,0.0,0,0,0,1,1.0,PI0900450   ,2009,UNIVERSIDADE FEDERAL DO RIO GRANDE DO SUL - UFRGS,"CONSTRUÇÃO GÊNICA, PROCESSO PARA MODULAR A RESPOSTA OXIDATIVA EM ARROZ, PROCESSO PARA MODULAR A TOLERÂNCIA DE PLANTAS DE ALUMÍNIO",,agricultura_inteligente,111821,2010,UNIVERSIDADE FEDERAL DE SANTA MARIA,PROGRAMA PARA EQUIPAMENTO DE CPM COMPUTADORIZADO,Interf E&S -  Interface de Entrada e Saída,geral
0.3586948075358851,0.20387160565361792,0.46561656508796867,0.05555555555555555,0,0,0,1,5.0,PI0901585   ,2009,Universidade Federal do Paraná,"MATERIAL SORVENTE PARA PETRÓLEO, DERIVADOS, ÓLEOS VEGETAIS OU MINERAIS COMPOSTO À BASE DE PELO DE CACHORRO",,geral,512014001544,2014,UNIVERSIDADE ESTADUAL DE MARINGÁ,"GESCOMP-GESTÃO ESTRATÉGICA DE COMPRAS,ORÇAMENTO,MATERIAL E PATRIMÔNIO",APLICATIVO -  APLICATIVOS,geral
0.3586327682272311,0.13599426619134797,0.6524145604603611,0.07142857142857142,0,0,0,1,8.0,PI0705963   ,2007,Universidade Estadual do Norte Fluminense Darcy Ribeiro - UENF,APARELHO ELETROMECÂNICO MÓVEL DE SPRAY PIRÓLISE COM LEITURA A LASER PARA REVESTIMENTO DE SUPERFÍCIE,,geral,512015000668,2015,UNIVERSIDADE DO ESTADO DO RIO DE JANEIRO,SMAI - SISTEMA MÓVEL DE ASSISTÊNCIA AO IDOSO,APLICATIVO -  APLICATIVOS,geral
0.35862984538636816,0.9406804588539182,-0.008820948616652835,0.0,1,1,0,1,10.0,PI0603061   ,2006,Universidade Federal do Rio de Janeiro,PROCESSO DE BIOCONVERSÃO DE B-PINENO E BIOCATALIZADOR,,geral,512016000654,2016,UNIVERSIDADE FEDERAL DO RIO DE JANEIRO,SMART B-TROOST,Interf E&S -  Interface de Entrada e Saída,geral
0.3585741762909827,0.9421297854578722,-0.009124000781939978,0.0,1,1,0,1,9.0,PI0400867   ,2004,Universidade Estadual de Campinas - Unicamp,ESPECTROMETRIA DE ESPALHAMENTO DE RAIOS X (EERX) ASSOCIADA A QUIMIOMETRIA,,geral,512013000748,2013,UNIVERSIDADE ESTADUAL DE CAMPINAS - UNICAMP,MATVOX,APLICATIVO -  APLICATIVOS Apoio Progm  -  Apoio à Programaçäo Gerd Aplic -  Gerador de Aplicaçöes e/ou Progr. Interptd   -  Interpretador Proc Texto -  Processadores de Texto,geral
0.3584242134592948,0.9429034374919567,-0.009447760224240653,0.0,1,1,0,1,6.0,PI0703095   ,2007,Universidade Estadual de Maringá,FORMULAÇÃO FARMACÊUTICA À BASE DA ESPÉCIE VEGETAL ARRABIDAEA CHICA PARA FOTOPROTEÇÃO E PIGMENTAÇÃO,,saude_digital,512013001083,2013,UNIVERSIDADE ESTADUAL DE MARINGÁ,ADRIX - AMBIENTE DE DESENVOLVIMENTO DE REDES INTELIGENTES,APLICATIVO -  APLICATIVOS Ger de Rede  -  Gerenciador de Rede de Comunicaçäo de Dados Gerenc Info  -  Gerenciador de Informaçöes Instrument -  Instrumentaçäo Planejament  -  Planejamento,geral
0.35755092909178043,0.9436621083484796,-0.010741937007157754,0.0,1,1,0,1,3.0,PI1001279   ,2010,Fundação Universidade de Brasília,PROCESSO PARA A APLICAÇÃO DE TÉCNICA DE BIOMINERALIZAÇÃO NA MELHORIA DE SOLOS,,agricultura_inteligente,512013001100,2013,FUNDAÇÃO UNIVERSIDADE DE BRASÍLIA,ROBO-GRUPOS,Recup Dados  -  Recuperaçäo de Dados Transf Arq -  Transferência de Arquivos,industria_4_0
0.3573399481002465,0.13328114710960182,0.7829925220284987,0.05555555555555555,0,0,0,1,10.0,PI0405341   ,2004,Universidade Federal do Paraná,PROCESSO DE FABRICAÇÃO DE PLACAS DE ESPUMA DE POLIURETANO COM APROVEITAMENTO DE SUCATA DE MESMO MATERIAL E MOLDE DE INJEÇÃO RESULTANTE,,geral,512014001544,2014,UNIVERSIDADE ESTADUAL DE MARINGÁ,"GESCOMP-GESTÃO ESTRATÉGICA DE COMPRAS,ORÇAMENTO,MATERIAL E PATRIMÔNIO",APLICATIVO -  APLICATIVOS,geral
0.35693120013495844,0.9441249077648329,-0.011644608330852124,0.0,1,1,0,1,6.0,PI1000482   ,2010,Universidade de São Paulo - USP,MÉTODO DE PREPARAÇÃO E USO DE NANOPARTÍCULAS DE ALFA HIDRÓXIDO DE NÍQUEL NA FORMA DE SOL E GEL,,geral,512016000254,2016,UNIVERSIDADE DE SÃO PAULO - USP,APLICATIVO (APP) DO TESTE DE FOTOS DE PROFISSÕES (BBT-BR),APLICATIVO -  APLICATIVOS,geral
0.3568368068682502,0.9438515838258048,-0.011728955357362514,0.0,1,1,0,1,10.0,PI1003297   ,2010,Universidade Federal de Minas Gerais,COMPOSIÇÕES FARMACÊUTICAS ANTINEOPLÁSICAS CONTENDO COMPOSTOS NITROIMIDAZÓIS SUBSTITUÍDOS,,saude_digital,512020001026,2020,UNIVERSIDADE FEDERAL DE MINAS GERAIS,Focus Master,Automaçäo  -  Automaçäo Instrument -  Instrumentaçäo,industria_4_0
0.3568368068682502,0.9438515838258048,-0.011728955357362514,0.0,1,1,0,1,10.0,PI1003297   ,2010,Universidade Federal de Minas Gerais,COMPOSIÇÕES FARMACÊUTICAS ANTINEOPLÁSICAS CONTENDO COMPOSTOS NITROIMIDAZÓIS SUBSTITUÍDOS,,saude_digital,512020001027,2020,UNIVERSIDADE FEDERAL DE MINAS GERAIS,Probe Master,Automaçäo  -  Automaçäo Instrument -  Instrumentaçäo,industria_4_0
0.35670876915365657,0.9423522839234998,-0.011669654633124082,0.0,1,1,0,1,5.0,PI0801816   ,2008,Universidade Estadual de Campinas - Unicamp,PROCESSO PARA PRODUÇÃO DE PÃO UTILIZANDO FARINHA DE TRIGO DE GRÃO INTEIRO E ENZIMAS XILANASE E GLICOSE OXIDASE,,geral,050165,2003,UNIVERSIDADE ESTADUAL DE CAMPINAS - UNICAMP,CICLO DE VIDA EM VEGETAIS,APLICATIVO -  APLICATIVOS Utilitários  -  Utilitários,geral
0.35633690100983223,0.9453927558625741,-0.012633028464039242,0.0,1,1,0,1,10.0,PI1005867   ,2010,Universidade Federal de Minas Gerais,ARMADILHA PARA CAPTURA DE FLEBOTOMÍNEOS E SEU USO,,geral,512020001027,2020,UNIVERSIDADE FEDERAL DE MINAS GERAIS,Probe Master,Automaçäo  -  Automaçäo Instrument -  Instrumentaçäo,industria_4_0
0.3551502580304334,0.9450245183909651,-0.014155590046628364,0.0,1,1,0,1,8.0,PI0802770   ,2008,Universidade Estadual de Campinas - Unicamp,PROCESSO PARA OBTENÇÃO DE FILMES LAMINADOS NANOESTRUTURADOS ESPESSOS AUTO-ADESIVOS E FILME LAMINADO NANOESTRUTURADO ESPESSO,,geral,512016000410,2016,UNIVERSIDADE ESTADUAL DE CAMPINAS - UNICAMP,HITGA (HIGH THROUGHPUT GROWTH ANALYSIS): SOFTWARE DE AQUISIÇÃO DE DADOS EM ESCALA HIGH THROUGHPUT PARA CÁLCULO DE PARÂMETROS CINÉTICOS DE CRESCIMENTO MICROBIANO,Aplc Tcn Ct  -  Aplicaçöes Técnico-Científicas Automaçäo  -  Automaçäo Ent Val Dad  -  Entrada e Validaçäo da Dados Inst Analt -  Instrumentaçäo Analítica,industria_4_0
0.35502860705885697,0.7577536838250355,0.09322045142733448,0.0,0,0,0,1,3.0,PI1003297   ,2010,Universidade Federal de Minas Gerais,COMPOSIÇÕES FARMACÊUTICAS ANTINEOPLÁSICAS CONTENDO COMPOSTOS NITROIMIDAZÓIS SUBSTITUÍDOS,,saude_digital,512013000409,2013,"INSTITUTO FEDERAL DE EDUCAÇÃO, CIÊNCIA E TECNOLOGIA DO SUDESTE DE MINAS GERAIS",SISTEMA DE GESTÃO DE PROCESSOS SELETIVOS - SISCOPESE,APLICATIVO -  APLICATIVOS Controle   -  Controle Planejament  -  Planejamento,industria_4_0
0.35469857538942157,0.9446656675565777,-0.014700258647770248,0.0,1,1,0,1,6.0,PI0803479   ,2008,UNIVERSIDADE DE SÃO PAULO - USP,APARELHO PARA DETERMINAÇÃO E CONTROLE DE UMIDADE EM AMOSTRA DE MATERIAL BIODEGRADÁVEL,,industria_4_0,512014000676,2014,UNIVERSIDADE DE SÃO PAULO- USP,"""O USO DO AMBIENTE VIRTUAL DE APRENDIZAGEM NA EDUCAÇÃO DO CUIDADOR DE INDIVÍDUOS COM LESÃO MEDULAR""",APLICATIVO -  APLICATIVOS,educacao_tecnologica
0.35466768959727946,0.9439272539230712,-0.01462996786856885,0.0,1,1,0,1,5.0,PI0602396   ,2006,UNIVERSIDADE ESTADUAL DE CAMPINAS - UNICAMP,LIMITADOR DE CORRENTE MONOFÁSICO RESISTIVO SUPERCONDUTOR AUTODESMAGNETIZANTE DE BOBINAS CONCÊNTRICAS,,geral,126312,2011,UNIVERSIDADE ESTADUAL DE CAMPINAS - UNICAMP,CDPGIRB,Atm Indust -  Automaçäo Industrial Contr Proc -  Controle de Processos Instrument -  Instrumentaçäo,industria_4_0
0.3543071284281736,0.9454889075672049,-0.015341611488592033,0.0,1,1,0,1,10.0,PI0903935   ,2009,UNIVERSIDADE ESTADUAL DE CAMPINAS - UNICAMP,SISTEMA DE SÍNTESE DE ANIMAÇÃO FACIAL POR COMPUTADOR BASEADA NA MANIPULAÇÃO DE IMAGENS,,educacao_tecnologica,512019002136,2019,UNIVERSIDADE ESTADUAL DE CAMPINAS - UNICAMP,MatGrafVoice,APLICATIVO -  APLICATIVOS Ent Val Dad  -  Entrada e Validaçäo da Dados Gerad Telas  -  Gerador de Telas Gerenc Info  -  Gerenciador de Informaçöes Proc Texto -  Processadores de Texto,geral
0.35399558820644095,0.385626439912042,0.2150237866058844,0.03571428571428571,0,0,0,1,2.0,PI0505714   ,2005,Universidade Estadual de Campinas - UNICAMP,PROCESSO DE OBTENÇÃO DE COMPOSIÇÃO FITOTERÁPICA ANTINEOPLÁSICA A BASE DE EXTRATO VEGETAL DE BIDENS ALBA E COMPOSIÇÃO FITOTERÁPICA ANTINEOPLÁSICA  A BASE DE EXTRATO VEGETAL DE BIDENS ALBA,,geral,083984,2007,UNIVERSIDADE DE SÃO PAULO,VOCABULÁRIO CONTROLADO USP: BASE DE DADOS DE DESCRITORES EM LÍNGUA PORTUGUESA PARA INDEXAÇÃO E RECUPERAÇÃO DA INFORMAÇÃO,APLICATIVO -  APLICATIVOS Dicion Dad -  Dicionário de Dados Gerenc Info  -  Gerenciador de Informaçöes,geral
0.35385618454414464,0.9458442654378956,-0.015989611492290168,0.0,1,1,0,1,8.0,PI0802940   ,2008,Universidade Federal do Paraná,MICROPOSICIONADOR COM SEIS GRAUS DE LIBERDADE,,geral,512016000284,2016,UNIVERSIDADE FEDERAL DO PARANÁ,GEOTEC CLASSES,APLICATIVO -  APLICATIVOS Ent Val Dad  -  Entrada e Validaçäo da Dados Gerad Gráfc  -  Geradores de Gráficos Interf E&S -  Interface de Entrada e Saída,geral
0.3538186927657698,0.9434334200516463,-0.015679090534274742,0.0,1,1,0,1,10.0,PI0305619   ,2003,Fundação Universidade de Brasília,MUDA DE TANGERINEIRA PONKAN SOBRE PORTA-ENXERTO DE CITRANGELEIRO MORTON OU TANGERINEIRA ONECO,,geral,512013001166,2013,FUNDAÇÃO UNIVERSIDADE DE BRASÍLIA,SOS - DESOSPITALIZAÇÃO,APLICATIVO -  APLICATIVOS,geral
0.35322604594734475,0.9136380272348207,0.04762559632979824,0.0,0,0,0,1,8.0,PI0404994   ,2004,COPPE/UFRJ - COORDENAÇÃO DOS PROGRAMAS DE PÓS GRADUAÇÃO DE ENGENHARIA DA UNIVERSIDADE FEDERAL DO RIO DE JANEIRO,Processo de síntese de poli(álcool vinilico) e/ou poli(acetato de vinila) com morfologia esférica e estrutura casca-núcleo,,geral,142131,2012,FACULDADES CATÓLICAS MANTENEDORA DA PONTIFÍCIA UNIVERSIDADE CATÓLICA,FORMATADOR NCL EM CPP - VERSÃO 0.13.1,Com Dados  -  Comunicaçäo de Dados Linguagem  -  Linguagens Teleinform -  Teleinformática,geral
0.35302966269755215,0.9446844124826294,-0.016904936512083468,0.0,1,1,0,1,6.0,PI1002990   ,2010,UNIVERSIDADE ESTADUAL DE CAMPINAS - UNICAMP,"PROCESSO DE ENRIQUECIMENTO DE VIDRO BIOATIVO, VIDRO BIOATIVO ENRIQUECIDO E USO DO MESMO PARA O PREPARO DE IMPLANTES ÓSSEOS",,agricultura_inteligente,512016000213,2016,UNIVERSIDADE ESTADUAL DE CAMPINAS - UNICAMP,SYSNEPO,Com Dados  -  Comunicaçäo de Dados Cont Acess -  Controle de Acessos Ferrm Apoio  -  Ferramenta de Apoio Interf E&S -  Interface de Entrada e Saída Linguagem  -  Linguagens,industria_4_0
0.3524010951472846,0.8568808474217207,0.05975334286620826,0.06666666666666667,1,1,0,0,6.0,PI0003424   ,2000,Universidade Estadual de Campinas - UNICAMP,PROCESSOS ELETROQUÍMICOS PARA O TRATAMENTO DE EFLUENTES AQUOSOS CONTENDO METAIS PESADOS.,,geral,071961,2006,UNIVERSIDADE ESTADUAL DE CAMPINAS - UNICAMP,FERMANTOL,Contr Proc -  Controle de Processos Simul & Mod  -  Simulaçäo e Modelagem,industria_4_0
0.3518056304612157,0.9457769355626915,-0.01866877077403739,0.0,1,1,0,1,10.0,PI1002363   ,2010,Fundação Universidade de Brasília,"PROCESSO PARA A APLICAÇÃO DA TÉCNICA DE ADIÇÃO DE FIBRAS NATURAIS RENOVÁVEIS NA MELHORIA DE SOLOS, MISTURAS BETUMINOSAS E ARGAMASSAS E CONCRETOS DE CIMENTO PORTLAND",,agricultura_inteligente,512020002314,2020,FUNDAÇÃO UNIVERSIDADE DE BRASILIA,Glossário Multilíngue Online sobre Migração e Refúgio,APLICATIVO -  APLICATIVOS,geral
0.35111706359845174,0.21129560240804995,0.42899856885293675,0.05,0,0,0,1,1.0,PI1000444   ,2010,UNIVERSIDADE DE SÂO PAULO - USP,SISTEMA DE DESENVOLVIMENTO DE ALTERAÇÕES POSITIVAS OU NEGATIVAS DE PRESSÃO COM CÂMARAS HIPERBÁRICAS E HIPOBÁRICAS SIMULTÂNEAS PARA HUMANOS OU ANIMAIS DE DIVERSOS TAMANHOS E RESPECTIVO PROCESSO DE OPERAÇÃO,,geral,122284,2011,"UNIVERSIDADE ESTADUAL PAULISTA ""JÚLIO DE MESQUITA FILHO""",SISTEMA PLANO DE DESENVOLVIMENTO INSTITUCIONAL - SISPDI,Planejament  -  Planejamento,geral
0.3510423566228661,0.3251597660698232,0.4078842908826025,0.0,0,0,0,1,9.0,PI1002828   ,2010,Universidade Federal do Paraná - UFPR,DISPOSITIVO CIRÚRGICO FACOFRAGMENTADOR MANUAL,,geral,512019002537,2019,UNIVERSIDADE FEDERAL DO PARANA,AVALIA TIS - CUIDADOS PALIATIVOS,APLICATIVO -  APLICATIVOS,geral
0.3506291769168306,0.9452728876053287,-0.02012704386720876,0.0,1,1,0,1,9.0,MU9001346   ,2010,UNIVERSIDADE DE SÃO PAULO - USP,DISPOSITIVO ELETRO-MECÂNICO DE COLETA DE AMOSTRAS INDEFORMADAS DE SOLO,,agricultura_inteligente,512019002110,2019,UNIVERSIDADE DE SÃO PAULO - USP,SygSad - Sistema de Apoio para Seleção de Projetos de Melhoria,APLICATIVO -  APLICATIVOS Aval Desemp  -  Avaliaçäo de Desempenho Cont Recurs  -  Contabilizaçäo de Recursos Controle   -  Controle Ferrm Apoio  -  Ferramenta de Apoio Pesq Operac  -  Pesquisa Operacional Planejament  -  Planejamento Simul & Mod  -  Simulaçäo e Modelagem,educacao_tecnologica
0.3503647454136067,0.9429683398331633,-0.020136822068389737,0.0,1,1,0,1,5.0,PI0805450   ,2008,UNIVERSIDADE ESTADUAL DE CAMPINAS - UNICAMP,"PROCESSO DE PRODUÇÃO DAS LIGAS METÁLICAS Al-Si-Mg-Cu, LIGAS METÁLICAS Al-Si-Mg-Cu OBTIDAS PELO PROCESSO",,geral,512013000657,2013,UNIVERSIDADE ESTADUAL DE CAMPINAS - UNICAMP,RELIABLE - VN,Aplc Tcn Ct  -  Aplicaçöes Técnico-Científicas Comut Dados  -  Comutaçäo de Dados Cont Redes -  Controlador de Redes Ger de Rede  -  Gerenciador de Rede de Comunicaçäo de Dados,geral
0.34970942142575245,0.3243630589706433,0.40327531367351144,0.0,0,0,0,1,10.0,PI1002828   ,2010,Universidade Federal do Paraná - UFPR,DISPOSITIVO CIRÚRGICO FACOFRAGMENTADOR MANUAL,,geral,512020000025,2020,UNIVERSIDADE FEDERAL DO PARANA,AVALIA TIS UTI Pediátrica - Neonatal,APLICATIVO -  APLICATIVOS,geral
0.34928984179510086,0.049092246600815806,0.5286804782560286,0.09090909090909091,0,0,1,1,16.0,PI0701953   ,2007,Universidade Estadual de Campinas - Unicamp,SISTEMA PORTÁTIL DE MEDIÇÃO DE SO2 LIVRE E TOTAL EM BEBIDAS E PROCESSO DE MEDIÇÃO DE SO2 LIVRE E TOTAL EM BEBIDAS,,saude_digital,512023001081,2023,FUNDAÇÃO UNIVERSIDADE FEDERAL DE SÃO CARLOS,LADABIO HPLC-DT,Inst T&M   -  Instrumentaçäo de Teste e Mediçäo,saude_digital
0.3491941540672587,0.049092246600815806,0.5274602301629772,0.09090909090909091,0,0,1,1,15.0,PI0405886   ,2004,EMBRAPA - Empresa Brasileira de Pesquisa Agropecuária,Medidor hidrostático volumétrico de peixes e processo para medição volumétrica de peixes.,,saude_digital,512019000155,2019,FUNDAÇÃO UNIVERSIDADE DE BRASILIA,Geometrias substitutas em E.V.,Inst T&M   -  Instrumentaçäo de Teste e Mediçäo,saude_digital
0.3490756496940679,0.38219692046104453,0.31610195222649895,0.0,0,0,0,1,9.0,PI0003447   ,2000,Universidade Estadual de Campinas - UNICAMP,SECADOR CONVECTIVO CONJUGADO DE FLUXO PERPENDICULAR E/OU PARALELO AO LEITO DE SECAGEM.,,geral,097380,2009,FACULDADE DE TECNOLOGIA DE JUNDIAÍ - CENTRO PAULA SOUZA,PORTAL DE APOIO AO ALUNO,APLICATIVO -  APLICATIVOS,educacao_tecnologica
0.348995641950693,0.7411723984827187,0.08686108539147375,0.0,0,0,0,1,9.0,C10103887   ,2004,UNIVERSIDADE FEDERAL DE MINAS GERAIS,"COMPOSIÇÕES IMUNOGÊNICAS CONTENDO MICROESFERAS BIODEGRADÁVEIS ENCAPSULANDO ANTÍGENOS, VETORES GÊNICOS E ADJUVANTES",,geral,512013000409,2013,"INSTITUTO FEDERAL DE EDUCAÇÃO, CIÊNCIA E TECNOLOGIA DO SUDESTE DE MINAS GERAIS",SISTEMA DE GESTÃO DE PROCESSOS SELETIVOS - SISCOPESE,APLICATIVO -  APLICATIVOS Controle   -  Controle Planejament  -  Planejamento,industria_4_0
0.34847064645886044,0.9008474984393458,0.04281226368986146,0.0,0,0,0,1,7.0,PI0703703   ,2007,Universidade Federal do Rio de Janeiro - UFRJ,ADITIVOS PARA CONTROLE DE EMISSÕES DE GASES DE COMBUSTÃO DE UNIDADES DE PROCESSO DE CRAQUEAMENTO CATALÍTICO FLUIDO DE HIDROCARBONETOS E PROCESSO,,industria_4_0,512014000387,2014,UNIVERSIDADE FEDERAL FLUMINENSE - UFF,SOFTWARE PROTOCOLO DE AVALIAÇÃO DO CLIENTE EM DERMATOLOGIA,Interf E&S -  Interface de Entrada e Saída,educacao_tecnologica
0.3481252494045344,0.9442152819185579,-0.023209682282086197,0.0,1,1,0,1,5.0,PI0904706   ,2009,Universidade Federal de Goiás,SÍNTESE DE POLIÉSTERES BIODEGRADÁVEIS POR POLICONDENSAÇÃO,,geral,512014001504,2014,UNIVERSIDADE FEDERAL DE GOIÁS,SDFLUXO - CALCULO DE FLUXO DE POTENCIA PARA SISTEMAS DE DISTRIBUIÇÃO,Controle   -  Controle Ger Op&Man -  Gerenciador Operaçäo e Manutençäo Gerenc Info  -  Gerenciador de Informaçöes,industria_4_0
0.3480209513772428,0.9452616755992679,-0.023491456155432466,0.0,1,1,0,1,9.0,PI0802501   ,2008,UNIVERSIDADE ESTADUAL DE CAMPINAS - UNICAMP,"PROCESSO DE IDENTIFICAÇÃO, CARACTERIZAÇÃO E DETERMINAÇÃO DA FALSIFICAÇÃO DE MÉIS NATURAIS PROVENIENTES DE ABELHAS APIS MELIFERA E NATIVAS",,geral,512017000420,2017,UNIVERSIDADE ESTADUAL DE CAMPINAS - UNICAMP,"""MULTI MINERAL FISSION TRACK THERMAL HISTORY - MULTIMINFTTH""",APLICATIVO -  APLICATIVOS Gerad Gráfc  -  Geradores de Gráficos,geral
0.3479351101952666,0.9077982681103451,0.040429913967148234,0.0,0,0,0,1,10.0,PI0303765   ,2003,Universidade Estadual Paulista Julio de Mesquita Filho,"Processo de obtenção de composição de amido termoplástico e
borracha natural e composição assim obtida",,geral,512013001397,2013,FACULDADE DE TECNOLOGIA DE JUNDIAÍ - CENTRO PAULA SOUZA,SISTEMA DE CONTROLE DE ACESSO UTILIZANDO PLATAFORMA ARDUINO,Interf E&S -  Interface de Entrada e Saída,industria_4_0
0.34741616244449275,0.927002421329022,0.035534214317192725,0.0,1,1,1,0,4.0,MU9001240   ,2010,UNIVERSIDADE DE SÃO PAULO - USP,APERFEIÇOAMENTO INTRODUZIDO EM DISPOSITIVO PROVIDO DE ESCALA MILIMÉTRICA PARA MEDIÇÕES FACIAIS E TRATAMENTO REABILITADOR COM PRÓTESE OCULAR,,saude_digital,512014000212,2014,UNIVERSIDADE DE SÃO PAULO- USP,"""EKOS - AVALIAÇÃO DOS SERVIÇOS EM SAÚDE""",Gerenc Info  -  Gerenciador de Informaçöes,saude_digital
0.34647843136250844,0.32520286827856565,0.24530362559826657,0.038461538461538464,0,0,0,1,1.0,PI0602048   ,2006,Universidade de São Paulo - USP,PROCESSO DE OBTENÇÃO DE PRODUTO A BASE DE FIBRAS VEGETAIS PARA REFORÇO DE COMPÓSITOS E PRODUTO A BASE DE FIBRAS VEGETAIS PARA REFORÇO DE COMPÓSITOS,,geral,083984,2007,UNIVERSIDADE DE SÃO PAULO,VOCABULÁRIO CONTROLADO USP: BASE DE DADOS DE DESCRITORES EM LÍNGUA PORTUGUESA PARA INDEXAÇÃO E RECUPERAÇÃO DA INFORMAÇÃO,APLICATIVO -  APLICATIVOS Dicion Dad -  Dicionário de Dados Gerenc Info  -  Gerenciador de Informaçöes,geral
0.34638256361202197,0.9371261832419708,0.0318685025832115,0.0,0,0,0,1,3.0,PI0803898   ,2008,Universidade Federal do Rio de Janeiro - UFRJ,PROCESSO CATALÍTICO PARA A TRANSFORMAÇÃO DE GLICERINA EM INSUMOS PARA O SETOR PETROQUÍMICO,,geral,124203,2011,FACULDADES CATÓLICAS MANTENEDORA DA PONTIFÍCIA UNIVERSIDADE CATÓLICA,IMPLEMENTAÇÕES DE TESTE GINGA NCL,Com Dados  -  Comunicaçäo de Dados Linguagem  -  Linguagens Teleinform -  Teleinformática,geral
0.34632181310834376,0.9352587724432805,0.03215212710153281,0.0,0,0,0,1,8.0,C10506393   ,2006,Universidade Estadual de Maringá,"A BASE DE PRÓPOLIS, NA OBTENÇÃO DO NÚCLEO/ADITIVO-SL49C3 UTILIZADO EM DIETAS E MEDICAMENTOS PARA MONOGÁSTRICOS",,saude_digital,512014001170,2014,UNIVERSIDADE ESTADUAL DE LONDRINA,SICM-EDUCAÇÃO (SISTEMA INTEGRADO DE CUSTOS MUNICIPAIS - MÓDULO EDUCAÇÃO),Controle   -  Controle,industria_4_0
0.3458376779708237,0.9458946119843361,-0.026364218012109752,0.0,1,1,0,1,10.0,PI0602944   ,2006,Universidade Estadual de Campinas - UNICAMP,"PROCESSO DE PREPARAÇÃO DOS COMPOSTOS FLUORESCENTES ANIDRIDOS MALEICOS ARILADOS, ACRILATOS SUBSTITUÍDOS ARILADOS E MALEIMIDAS ARILADAS",,geral,512016000410,2016,UNIVERSIDADE ESTADUAL DE CAMPINAS - UNICAMP,HITGA (HIGH THROUGHPUT GROWTH ANALYSIS): SOFTWARE DE AQUISIÇÃO DE DADOS EM ESCALA HIGH THROUGHPUT PARA CÁLCULO DE PARÂMETROS CINÉTICOS DE CRESCIMENTO MICROBIANO,Aplc Tcn Ct  -  Aplicaçöes Técnico-Científicas Automaçäo  -  Automaçäo Ent Val Dad  -  Entrada e Validaçäo da Dados Inst Analt -  Instrumentaçäo Analítica,industria_4_0
0.34534780310485275,0.9442152819185579,-0.026753701651832218,0.0,1,1,0,1,5.0,PI0803455   ,2008,UNIVERSIDADE ESTADUAL DE CAMPINAS - UNICAMP,PROCESSO DE MODULAÇÃO DA HIDROFOBICIDADE DE ALUMINAS E USO DAS MESMAS,,cidades_inteligentes,050165,2003,UNIVERSIDADE ESTADUAL DE CAMPINAS - UNICAMP,CICLO DE VIDA EM VEGETAIS,APLICATIVO -  APLICATIVOS Utilitários  -  Utilitários,geral
0.34456932180306793,0.9442152819185579,-0.027738500321969006,0.0,1,1,0,1,5.0,PI0405361   ,2004,Universidade Estadual de Campinas - UNICAMP,"PROCESSO DE CONVERSÃO EM PLANTAS DE PRÓ-PEPTÍDEOS EM PEPTÍDEOS BIOATIVOS, ATRAVÉS DE ATIVIDADE PROTEOLÍTICA CONTROLADA, UTILIZANDO VETOR E CASSETE PARA EXPRESSÃO DE UMA ENZIMA CAPAZ DE REALIZAR ESTA CONVERSÃO, PLANTAS TRANSGÊNICAS E HÍBRIDOS DERIVADOS, CONTENDO CASSETES DE EXPRESSÃO E USO E COMPOSIÇÃO FARMACÊUTICA DAS PROTEÍNAS RECOMBINANTES ASSIM PRODUZIDAS",,agricultura_inteligente,097670,2009,UNIVERSIDADE ESTADUAL DE CAMPINAS - UNICAMP,SVAW-GPA,Apoio Progm  -  Apoio à Programaçäo Com Dados  -  Comunicaçäo de Dados Convers Sis  -  Conversor de Sistemas Ferrm Apoio  -  Ferramenta de Apoio Proc Texto -  Processadores de Texto,geral
0.34406757235960334,0.18006279592525007,0.39139756905261436,0.06666666666666667,0,0,0,1,7.0,PI0900908   ,2009,Faculdades Católicas Mantenedora da Pontifícia Universidade Católica do Rio de Janeiro - PUC RIO,MÉTODO DE ACOPLAMENTO PARCIAL ENTRE UM SISTEMA DE ANÁLISE DE TENSÕES E UM SIMULADOR CONVENCIONAL DE RESERVATÓRIOS E SISTEMA PARA APROXIMAÇÃO DA EQUAÇÃO DE FLUXO,,geral,512016001270,2016,UNIVERSIDADE FEDERAL DO RIO DE JANEIRO,SIMULADOR DE ROV,Simulador  -  Simulador Vôo/Carro/Submarino/...,geral
0.3438135049138146,0.9324849831727053,-0.027078413212072272,0.0,1,1,0,1,1.0,PI0703622   ,2007,Universidade Federal de Santa Catarina - UFSC,MÓDULO DE REFRIGERAÇÃO E SISTEMA DE REFRIGERAÇÃO,,geral,076430,2006,UNIVERSIDADE FEDERAL DE SANTA CATARINA-UFSC,"CONSULTA AO PRONTUÁRIO ""MEU PRONTUÁRIO""",Com Dados  -  Comunicaçäo de Dados Entrtmnto  -  Entretenimento Gerad Telas  -  Gerador de Telas Transm Dados -  Transmissäo de Dados,geral
0.343382240962797,0.5119150222239566,0.18028856969860663,0.0,0,0,0,1,3.0,MU8100701   ,2001,Universidade Estadual de Campinas - Unicamp,DISPOSIÇÃO CONSTRUTIVA INTRODUZIDA EM CONVERSOR CC-CA MONOFÁSICO COM COMUTAÇÃO EM BAIXA FREQUÊNCIA E BAIXA DISTORÇÃO HARMÔNICA,,geral,057836,2004,UNIVERSIDADE FEDERAL DE SÃO PAULO,GERENCIADOR DE QUALIDADE EM MAMOGRAFIA,APLICATIVO -  APLICATIVOS,geral
0.3428210629154903,0.8399358154382159,0.07756671632281886,0.047619047619047616,1,1,0,0,1.0,PI0502546   ,2005,Universidade Estadual de Campinas - UNICAMP,"USO, PROCESSO DE OBTENÇÃO E COMPOSIÇÃO MEDICAMENTOSA ANTIOXIDANTE ORAL, A BASE DE ASCORBIL FOSFATO DE SÓDIO, NO TRATAMENTO ODONTOLÓGICO",,saude_digital,059046,2004,UNIVERSIDADE ESTADUAL DE CAMPINAS - UNICAMP,SISNUM,"APLICATIVO -  APLICATIVOS Controle   -  Controle Org Man Arq  -  Organizaçäo, Tratamento, Manutençäo de Arquivos",industria_4_0
0.34075871790345114,0.9461841047573998,-0.03276385610222077,0.0,1,1,0,1,6.0,PI0901195   ,2009,Universidade Federal de Goiás,MÉTODO E SISTEMA DE ESTIMAÇÃO DE ÂNGULOS DE INCIDÊNCIA DE SINAIS DE INTERESSE,,geral,512015000529,2015,UNIVERSIDADE FEDERAL DE GOIÁS,OCER - OPERAÇÃO DE CIRCUITO E ESTABELECIMENTO DE REGRA,Com Dados  -  Comunicaçäo de Dados,geral
0.3402248114732544,0.47419250831415044,0.325653857684725,0.0,0,0,1,0,5.0,PI0804894   ,2008,Universidade Federal de São Paulo - UNIFESP,"PROCESSO IN VITRO DE AVALIAÇÃO DA FERTILIDADE DE MAMÍFEROS, KIT DE DIAGNÓSTICO E MARCADORES MOLECULARES DE FERTILIDADE",,educacao_tecnologica,512013000216,2013,UNIVERSIDADE ESTADUAL DE CAMPINAS - UNICAMP,READ IN WEB,APLICATIVO -  APLICATIVOS Gerenc Info  -  Gerenciador de Informaçöes,educacao_tecnologica
0.3402248114732544,0.47419250831415044,0.325653857684725,0.0,0,0,1,0,5.0,PI0804358   ,2008,Universidade Federal de São Paulo - UNIFESP,"PROCESSO IN VITRO DE AVALIAÇÃO DA FERTILIDADE DE MAMÍFEROS, KIT DE DIAGNÓSTICO E MARCADORES MOLECULARES DE FERTILIDADE",,educacao_tecnologica,512013000216,2013,UNIVERSIDADE ESTADUAL DE CAMPINAS - UNICAMP,READ IN WEB,APLICATIVO -  APLICATIVOS Gerenc Info  -  Gerenciador de Informaçöes,educacao_tecnologica
0.3398943141974657,0.9458946119843361,-0.03379275081260347,0.0,1,1,0,1,10.0,PI0802940   ,2008,Universidade Federal do Paraná,MICROPOSICIONADOR COM SEIS GRAUS DE LIBERDADE,,geral,512018000268,2018,UNIVERSIDADE FEDERAL DO PARANA,App Saúde Bucal,APLICATIVO -  APLICATIVOS,saude_digital
0.3397986711224387,0.010241063417256899,0.5897887118378488,0.14285714285714285,0,0,1,1,7.0,PI0705152   ,2007,Universidade Federal de Minas Gerais,MEDIÇÃO DO TEMPERAMENTO ANIMAL,,saude_digital,512014000615,2014,UNIVERSIDADE FEDERAL DE PERNAMBUCO - UFPE,SPEECHGRAPHS,Inst T&M   -  Instrumentaçäo de Teste e Mediçäo,saude_digital
0.3385592740323376,0.9374867160646115,0.020003893813787865,0.0,1,1,1,0,8.0,PI0503558   ,2005,UNIVERSIDADE FEDERAL FLUMINENSE - UFF,"COMPOSTOS TRIPANOSSOMICIDAS, COMPOSIÇÃO FARMACÊUTICA CONTENDO OS MESMOS E PROCESSO PARA A PRODUÇÃO DE COMPOSIÇÃO FARMACÊUTICA",,saude_digital,512013000051,2013,UNIVERSIDADE FEDERAL FLUMINENSE - UFF,CASOS CLINICOS DE MEDICINA INTERNA,Simul & Mod  -  Simulaçäo e Modelagem,saude_digital
0.3382591924421822,0.9374867160646115,0.019559158590355508,0.0,1,1,1,0,8.0,PI0705954   ,2007,FUNDAÇÃO UNIVERSIDADE FEDERAL DE SÃO CARLOS,SENSOR DE CONDUTIVIDADE E MÉTODO PARA CONTROLE DO ESCOAMENTO DO BIODIESEL E DE PRODUTOS EM FASE LÍQUIDA DE CONDUTIVIDADES DIVERSAS,,industria_4_0,512015001047,2015,FUNDAÇÃO UNIVERSIDADE FEDERAL DE SÃO CARLOS,SISTEMA DE COORDENAÇÃO VISUAL,"Bib Rotinas  -  Bibliotecas de Rotinas (""Libraries"")",industria_4_0
0.3376593997160449,0.9449536955520642,-0.036409993881974634,0.0,1,1,0,1,6.0,PI0914285   ,2009,Universidade Federal do Rio Grande do Norte,FORMULAÇÃO DE MASSA CERÂMICA A BASE DE RESÍDUO DO CAULIM PARA REVESTIMENTOS E PROCESSO DE PRODUÇÃO DE REVESTIMENTOS A BASE DE RESÍDUO DO CAULIM,,cidades_inteligentes,512015000834,2015,UNIVERSIDADE FEDERAL DO RIO GRANDE DO NORTE,APLICATIVO PCATOOL IDOSOS,APLICATIVO -  APLICATIVOS,geral
0.33631971463222576,0.9458946119843361,-0.03815578610487913,0.0,1,1,0,1,10.0,PI0605123   ,2006,"Instituto Federal de Educação, Ciência e Tecnologia da Bahia",AMÊNDOAS DE LICURI REVESTIDAS,,geral,512016000963,2016,"INSTITUTO FEDERAL DE EDUCAÇÃO, CIÊNCIA E TECNOLOGIA DA BAHIA",SAI - SOFTWARE PARA AVALIAÇÃO DE IDOSOS,APLICATIVO -  APLICATIVOS,educacao_tecnologica
0.3356824395811762,0.5430054616058663,0.1963146641961122,0.043478260869565216,1,1,0,0,8.0,PI0300834   ,2003,UNIVERSIDADE ESTADUAL DE CAMPINAS - UNICAMP,Detector analógico de borda de imagem em video,,geral,129401,2011,UNIVERSIDADE ESTADUAL DE CAMPINAS - UNICAMP,SURFACE,Gerad Gráfc  -  Geradores de Gráficos Inst Biomd -  Instrumentaçäo Biomédica Proc Comand  -  Processador de Comandos Proc Imagem  -  Processamento de Imagem Simul & Mod  -  Simulaçäo e Modelagem,saude_digital
0.33507985995525064,0.9432367400399018,0.013834518062439405,0.0,0,0,0,1,10.0,PI0802005   ,2008,UNIVERSIDADE FEDERAL DE MINAS GERAIS,MÉTODO DE HIDROAMINOMETILAÇÃO DO ACENAFTILENO E SEUS DERIVADOS,,geral,512018051811,2018,UNIVERSIDADE FEDERAL DE JUIZ DE FORA - UFJF,IpêTeVê ECG - IPTV Electronic Content Guide,Teleinform -  Teleinformática,geral
0.3345605435754262,0.4709656643601784,0.18351872609970776,0.0,0,0,0,1,2.0,MU8602116   ,2006,Ifló Indústria de Equipamentos Agrícolas Ltda.,DISPOSIÇÃO INTRODUZIDA EM BARRA DE CORTE,,geral,057836,2004,UNIVERSIDADE FEDERAL DE SÃO PAULO,GERENCIADOR DE QUALIDADE EM MAMOGRAFIA,APLICATIVO -  APLICATIVOS,geral
0.33415593420075657,0.92531934792702,0.059301007320706756,0.03571428571428571,1,1,0,0,10.0,PI0604581   ,2006,Universidade Federal de Santa Catarina,REATOR ELETRÔNICO PARA LÂMPADAS FLUORESCENTES USANDO TÉCNICAS DE INTEGRAÇÃO PARA CORREÇÃO DO FATOR DE POTÊNCIA,,geral,512016001291,2016,UNIVERSIDADE FEDERAL DE SANTA CATARINA,SILQ - SISTEMA DE INTEGRAÇÃO LATTES-QUALIS,Gerad Relat  -  Gerador de Relatórios Gerenc Info  -  Gerenciador de Informaçöes Interf E&S -  Interface de Entrada e Saída Recup Dados  -  Recuperaçäo de Dados,geral
0.3337934653596404,0.9205659344102178,0.06931400185286307,0.029411764705882353,1,1,0,0,2.0,PI0902240   ,2009,Universidade Federal de Minas Gerais,"PROCESSO DE OBTENÇÃO DE RECOBRIMENTOS ESPECIAIS A PARTIR DE PROCESSOS QUÍMICOS COM GLICERINA, ESPECIALMENTE A GLICERINA SUBPRODUTO DO BIODIESEL",,geral,082706,2007,UNIVERSIDADE FEDERAL DE MINAS GERAIS,PIEZOSYS,Aplc Tcn Ct  -  Aplicaçöes Técnico-Científicas Contr Proc -  Controle de Processos Desv c/Metd  -  Aplicativos Desenvolv. Sist. de acordo com determ. Metodologia Inst T&M   -  Instrumentaçäo de Teste e Mediçäo Simul & Mod  -  Simulaçäo e Modelagem,saude_digital
0.33363456966620536,0.9296226338236611,0.01421127659219723,0.0,1,1,1,0,9.0,PI0600966   ,2006,Fundação Universidade Federal de São Carlos,PROCESSO PARA REDUÇÃO DE ÍONS COBRE (II) DE BEBIDAS ALCOÓLICAS DESTILADAS E PROCESSO PARA DETECÇÃO DE  COBRE (II) NAS DITAS BEBIDAS,,educacao_tecnologica,512015000217,2015,FUNDAÇÃO UNIVERSIDADE FEDERAL DE SÃO CARLOS,GERENCIADOR DE ENSINO INDIVIDUALIZADO POR COMPUTADOR - GEIC,APLICATIVO -  APLICATIVOS Aplc Tcn Ct  -  Aplicaçöes Técnico-Científicas Ferrm Apoio  -  Ferramenta de Apoio,educacao_tecnologica
0.33288435135626376,0.38237870761533344,0.3499074159663924,0.08333333333333333,0,0,0,0,3.0,PI0705283   ,2007,Instituto Nacional de Pesquisas Espaciais - INPE,PROCESSO E SISTEMA DE TRATAMENTO DE SUPERFÍCIE INTERNA DE CORPO TUBULAR,,geral,113350,2010,UNIVERSIDADE ESTADUAL PAULISTA JÚLIO DE MESQUITA FILHO - UNESP,ANA-DOS,"Org Man Arq  -  Organizaçäo, Tratamento, Manutençäo de Arquivos",geral
0.3328213490624488,0.6842238657740234,0.12400581193268567,0.04,1,1,0,0,4.0,PI0204628   ,2002,Universidade de São Paulo,PROCESSO DE TRATAMENTO DE EFLUENTE INDUSTRIAL LÍQUIDO CONTENDO POLIORGANOSSILOXANOS,,industria_4_0,077144,2006,UNIVERSIDADE DE SÃO PAULO,BANCO DE DADOS SOBRE FONETOGRAFIA,"Ferrm Apoio  -  Ferramenta de Apoio Gerad Gráfc  -  Geradores de Gráficos Gerenc BD  -  Gerenciador de Banco de Dados Org Man Arq  -  Organizaçäo, Tratamento, Manutençäo de Arquivos",geral
0.33280254809034776,0.015847941044812137,0.5117242901091072,0.125,0,0,1,1,4.0,PI0803283   ,2008,Universidade Estadual de Maringá,SENSOR ELETRÔNICO PARA DETERMINAÇÃO DO TEOR DE ÁLCOOIS EM HIDROCARBONETOS,,industria_4_0,139675,2012,UNIVERSIDADE ESTADUAL PAULISTA JÚLIO DE MESQUITA FILHO - UNESP,SISTEMA ELETRÔNICO DE REGISTRO DE FREQUÊNCIAS,Controle   -  Controle,industria_4_0
0.33274045784185885,0.9351721203881265,0.011896655351373076,0.0,0,0,0,1,5.0,PI0701709   ,2007,UNIVERSIDADE DE SÃO PAULO - USP,PROCESSO PARA FABRICAÇÃO DE COMPÓSITO DE NANOTUBOS DE CARBONO E FELTRO DE CARBONO E COMPÓSITO DE NANOTUBOS DE CARBONO E FELTRO DE CARBONO,,geral,131124,2012,FACULDADE DE TECNOLOGIA DE JUNDIAÍ - CENTRO PAULA SOUZA,NUTRI-Z,Atm Escrt  -  Automaçäo de Escritório,industria_4_0
0.3317348419483637,0.9442714326107989,0.054512328879893435,0.03333333333333333,1,1,0,0,6.0,PI0703180   ,2007,UNIVERSIDADE FEDERAL DE VIÇOSA,PROCESSO PARA INDUÇÃO DA GERMINAÇÃO E PRODUÇÃO DE SEMENTES PRÉ-GERMINADAS DE MACAÚBA (Acrocomia aculeata (Jacq.) Lodd. ex. Mart),,agricultura_inteligente,512013000292,2013,UNIVERSIDADE FEDERAL DE VIÇOSA,SOFTWARE PARA SIMULAÇÃO DA ANÁLISE DINÂMICA DE MOTORES DE INDUÇÃO TRIFÁSICOS A PARTIR DE UMA MODELAGEM MATEMÁTICA  DESENVOLVIDA EM VARIÁVEIS ABC NA QUAL É INTRODUZIDA  A SATURAÇÃO MAGNÉTICA,Simul & Mod  -  Simulaçäo e Modelagem,geral
0.3312716129450541,0.9384766574083591,0.009186148180473808,0.0,0,0,0,1,6.0,PI0705630   ,2007,Universidade de São Paulo - Usp,CONFIGURAÇÃO LIPOSSOMAL FUNCIONAL E PROCESSO DE OBTENÇÃO DE CONFIGURAÇÃO LIPOSSOMAL FUNCIONAL,,geral,512013001263,2013,UNIVERSIDADE ESTADUAL DE CAMPINAS - UNICAMP,CDP CMD,Contr Proc -  Controle de Processos,industria_4_0
0.33044745396303277,0.9403180218289329,0.007681738605076038,0.0,0,0,0,1,9.0,PI0301292   ,2003,Universidade Estadual Paulista Julio de Mesquita Filho,PROCESSO COMBINADO BACTERIANO/QUÍMICO PARA REMOÇÃO DE H2S DE GASES,,geral,142673,2012,FACULDADE DE TECNOLOGIA DE JUNDIAÍ - CENTRO PAULA SOUZA,PET - SISTEMA DE AGENDAMENTO ONLINE,Atm Comerc -  Automaçäo Comercial Controle   -  Controle Gerenc Info  -  Gerenciador de Informaçöes,industria_4_0
0.33043571979931236,0.9337787058237114,0.00881733784473715,0.0,1,1,1,0,5.0,PI1003750   ,2010,UNIVERSIDADE DE SÃO PAULO - USP,"MICRORGANISMOS RECOMBINANTES, MÉTODOS DE PREPARAÇÃO DE LINHAGENS VACINAIS, ANTÍGENOS, COMPOSIÇÕES VACINAIS VETORIZADAS, SEUS USOS, ANTICORPOS, KIT DE DIAGNÓSTICO E MÉTODOS DE TRATAMENTO E/OU PROFILAXIA",,saude_digital,512015001485,2015,UNIVERSIDADE DE SÃO PAULO- USP,"SUBSISTEMA MULTIPLATAFORMA PARA CONTROLE DE AQUISIÇÃO, VISUALIZAÇÃO E ORGANIZAÇÃO DE DADOS DE  ESPECTRÔMETRO DIGITAL DE RM: TORM CONSOLE",Inst Analt -  Instrumentaçäo Analítica Inst Biomd -  Instrumentaçäo Biomédica Inst T&M   -  Instrumentaçäo de Teste e Mediçäo Instrument -  Instrumentaçäo Proc Imagem  -  Processamento de Imagem,saude_digital
0.3304214302200602,0.9404538323146868,0.007620812832708768,0.0,0,0,0,1,8.0,PI0304124   ,2003,COPPE/UFRJ  - Coordenação dos Programas de Pós Graduação de Engenharia da Universidade Federal do Rio de Janeiro,PROCESSO DE ANÁLISE DE TRAÇOS POR RECÚO ELÁSTICO DE PRÓTONS (ATRE-p) PARA LOCALIZAÇÃO DE HIDROGÊNIO EM MATERIAIS E SEU USO,,energia,117215,2011,UNIVERSIDADE FEDERAL FLUMINENSE - UFF,LINGUAGEM XTEMPLATE 3.0,Ling N Prcd  -  Linguagem Näo Procedural Linguagem  -  Linguagens,geral
0.3302973866229643,0.8915910486250844,0.05676745846503706,0.038461538461538464,1,1,0,0,7.0,PI0900259   ,2009,UNIVERSIDADE ESTADUAL DE CAMPINAS - UNICAMP,PROCESSO PARA DETECÇÃO DE FALHAS EM SISTEMAS MECÂNICOS E ESTRUTURAIS USANDO FILTROS DISCRETOS,,geral,043232,2002,UNIVERSIDADE ESTADUAL DE CAMPINAS - UNICAMP,SPECTRAL,Conv Arq   -  Conversor Meios de Armazenamento Entrtmnto  -  Entretenimento Inst Analt -  Instrumentaçäo Analítica Proc Imagem  -  Processamento de Imagem Sist Especl  -  Sistemas Especialistas,geral
0.33007301346687706,0.438766630415565,0.1946523079332121,0.0,0,0,0,1,4.0,MU8001539   ,2000,Universidade Estadual de Campinas - Unicamp,DISPOSIÇÃO CONSTRUTIVA INTRODUZIDA EM DISPOSITIVO PARA CONTENSÃO DE MUFLAS,,geral,057836,2004,UNIVERSIDADE FEDERAL DE SÃO PAULO,GERENCIADOR DE QUALIDADE EM MAMOGRAFIA,APLICATIVO -  APLICATIVOS,geral
0.3296155211173475,0.9455263745127273,-0.04608327710677207,0.0,1,1,0,1,8.0,PI1003623   ,2010,UNIVERSIDADE FEDERAL DE SÃO PAULO - UNIFESP,MÉTODO E KIT DE DIAGNÓSTICO/PROGNÓSTICO DE GAMOPATIAS MONOCLONAIS MALIGNAS,,saude_digital,512018052462,2018,UNIVERSIDADE FEDERAL DE SÃO PAULO - UNIFESP,3DMol - Friendly enviroment for visualizing proteins,APLICATIVO -  APLICATIVOS,geral
0.3295691309826688,0.8353282830182186,0.061900724886031155,0.043478260869565216,1,1,0,0,9.0,PI0904913   ,2009,Universidade Federal de Lavras,SISTEMA PARA ANÁLISE DE VIABILIDADE DE SÊMEN DE VERTEBRADOS POR MEIO DE PROCESSAMENTO DE IMAGENS,,geral,512018051717,2018,UNIVERSIDADE FEDERAL DE LAVRAS,Reconstrução Visual de Dispositivo Registrador de Eventos para ADS,Aplc Tcn Ct  -  Aplicaçöes Técnico-Científicas Proc Imagem  -  Processamento de Imagem Simul & Mod  -  Simulaçäo e Modelagem,geral
0.3295283547594279,0.3235949766376738,0.31751504091278704,0.0,0,0,0,1,10.0,PI0802940   ,2008,Universidade Federal do Paraná,MICROPOSICIONADOR COM SEIS GRAUS DE LIBERDADE,,geral,512018052063,2018,UNIVERSIDADE TECNOLOGICA FEDERAL DO PARANA,Conversor de impedância em condutividade protônica,Convers Sis  -  Conversor de Sistemas,geral
0.32905670041418816,0.9536255371533737,0.048176922464412186,0.03333333333333333,1,1,0,0,1.0,PI0902240   ,2009,Universidade Federal de Minas Gerais,"PROCESSO DE OBTENÇÃO DE RECOBRIMENTOS ESPECIAIS A PARTIR DE PROCESSOS QUÍMICOS COM GLICERINA, ESPECIALMENTE A GLICERINA SUBPRODUTO DO BIODIESEL",,geral,087092,2008,UNIVERSIDADE FEDERAL DE MINAS GERAIS,ADMC - AVALIADOR DE DESEMPENHO DE MALHAS DE CONTROLE,Adm Dispost  -  Administrador de Dispositivos Aval Desemp  -  Avaliaçäo de Desempenho Cont Proces  -  Controlador de Processos Gerenc Info  -  Gerenciador de Informaçöes Interptd   -  Interpretador,educacao_tecnologica
0.32894594799832344,0.9380190270206278,0.005942312791001325,0.0,0,0,0,1,7.0,PI0601377   ,2006,Universidade Federal de Ouro Preto,"PROCESSO DE PREPARAÇÃO DE EXTRATO ATIVADO DE BOWMAN-BIRK DE MACROTYLOMA AXILLARE COM MAIOR ATIVIDADE QUE O INIBIDOR DE SOJA, E USO COMO PRODUTO DE DISTRIBUIÇÃO AUMENTADA PARA O ESTÔMAGO",,geral,512013000169,2013,UNIVERSIDADE FEDERAL DE VIÇOSA,REGULAÇÃO DA PRODUÇÃO FLORESTAL - RPF,Pesq Operac  -  Pesquisa Operacional,geral
0.328859662790532,0.9450145562939142,-0.04690535814399355,0.0,1,1,0,1,6.0,PI0602860   ,2006,Fundação Universidade Regional de Blumenau,TRANSDUTOR DE IMPEDÂNCIA PARA LOCALIZAÇÃO DE FALTAS EM SISTEMA DE ENERGIA E MÉTODO DE LOCALIZAÇÃO DE PONTOS DE DEFEITOS EM SISTEMA DE ENERGIA,,energia,029563,2000,FUNDAÇÃO UNIVERSIDADE REGIONAL DE BLUMENAU,SISTEMA INFORMATIZADO DE HORÁRIO ACADÊMICO,Planejament  -  Planejamento,geral
0.3283571183931474,0.0085336218931834,0.6415901526491641,0.2,0,0,0,1,13.0,PI0200758   ,2002,EMBRAPA - Empresa Brasileira de Pesquisa Agropecuária,PROCESSADOR MÚLTIPLO,,geral,512015000283,2015,FUNDAÇÃO UNIVERSIDADE DE BRASÍLIA,BEMOO_GI,Pré-Proces -  Pré-Processador,geral
0.32831352459511803,0.9337635549141439,0.00578195489745903,0.0,0,0,0,1,0.0,PI0703180   ,2007,UNIVERSIDADE FEDERAL DE VIÇOSA,PROCESSO PARA INDUÇÃO DA GERMINAÇÃO E PRODUÇÃO DE SEMENTES PRÉ-GERMINADAS DE MACAÚBA (Acrocomia aculeata (Jacq.) Lodd. ex. Mart),,agricultura_inteligente,081515,2007,SERVIÇO NACIONAL DE APRENDIZAGEM INDUSTRIAL - SENAI,PROGRAMA DE DIÁRIO ELETRÔNICO,Aval Desemp  -  Avaliaçäo de Desempenho Contr Proc -  Controle de Processos Controle   -  Controle Gerenc Info  -  Gerenciador de Informaçöes Interf E&S -  Interface de Entrada e Saída Planil Elet  -  Planilhas Eletrônicas Transm Dados -  Transmissäo de Dados,educacao_tecnologica
0.32774308980712774,0.26697856548871746,0.6475947983153516,0.0625,0,0,0,0,7.0,PI0622258   ,2006,UENF-Universidade Est. do Norte Fluminense Darcy Ribeiro,PROCESSO DE ADIÇÃO DE PLASMA SEMINAL CONCENTRADO AO DILUENTE DE CONGELAMENTO E PÓS-DESCONGELAMENTO DE SÊMEN,,geral,512013001030,2013,UNIVERSIDADE FEDERAL FLUMINENSE - UFF,SAPOS - SISTEMA DE APOIO À PÓS-GRADUAÇÃO,Gerenc Info  -  Gerenciador de Informaçöes,geral
0.326893250934401,0.9371742670812864,0.003179771481968796,0.0,0,0,0,1,9.0,PI0301292   ,2003,Universidade Estadual Paulista Julio de Mesquita Filho,PROCESSO COMBINADO BACTERIANO/QUÍMICO PARA REMOÇÃO DE H2S DE GASES,,geral,138261,2012,FACULDADE DE TECNOLOGIA DE JUNDIAÍ - CENTRO PAULA SOUZA,SGO - SISTEMA DE GESTÃO DE OFICINA MECÂNICA,Atm Comerc -  Automaçäo Comercial,industria_4_0
0.32677732050754216,0.9449180714370696,0.04942099442422754,0.03125,1,1,0,0,2.0,PI1003906   ,2010,Universidade Federal da Bahia,SISTEMA DE COMBUSTÃO DE GÁS NATURAL PARA O CONTROLE DAS CORRELAÇÕES ENTRE RADIAÇÃO TÉRMICA FORMAÇÃO DA FULIGEM E NOX COM A UTILIZAÇÃO DA COMBUSTÃO ENRIQUECIDA COM OXIGÊNIO,,industria_4_0,093725,2008,UNIVERSIDADE FEDERAL DA BAHIA,ANÁLISE ENERGÉTICA E ECONÔMICA DE INSTALAÇÕES PREDIAIS PARA GÁS NATURA,Aplc Tcn Ct  -  Aplicaçöes Técnico-Científicas Desv c/Metd  -  Aplicativos Desenvolv. Sist. de acordo com determ. Metodologia,geral
0.3265972352502853,0.31300464699139086,0.32111977261791225,0.0,0,0,0,1,4.0,PI0815393   ,2008,Universidade Estadual Paulista Júlio de Mesquita Filho,APARATO ASSISTIDO POR MICROONDAS PARA SÍNTESE HIDROTÉRMICA DE ÓXIDOS NANOESTRUTURADOS,,geral,057836,2004,UNIVERSIDADE FEDERAL DE SÃO PAULO,GERENCIADOR DE QUALIDADE EM MAMOGRAFIA,APLICATIVO -  APLICATIVOS,geral
0.32655699215766865,0.9438160244061973,0.0015826215543255362,0.0,0,0,0,1,10.0,PI0800800   ,2008,UNIVERSIDADE FEDERAL DO PARANÁ,"MATERIAL PROMOTOR DE AGLUTINAÇÃO DE SUBSTÂNCIAS OLEOSAS DISPERSAS, MISTURADAS OU EMULSIFICADAS EM ÁGUA",,geral,512018001266,2018,UNIVERSIDADE TECNOLOGICA FEDERAL DO PARANA,FreakCode,Compilador -  Compilador,geral
0.32617699966585234,0.9376353888227594,-0.04916647339696101,0.0,1,1,0,1,10.0,PI1000793   ,2010,Fundação Universidade do Amazonas,"MATRIZ CIMENTÍCIA, PROCESSO DE PRODUÇÃO E USO DE SÍLICA GEL COMO POZOLANA E FILLER",,geral,512020001952,2020,FUNDAÇÃO UNIVERSIDADE DO AMAZONAS,Payzee,APLICATIVO -  APLICATIVOS,geral
0.3261000538103162,0.011231865871201271,0.7838568093139758,0.11764705882352941,0,0,1,1,10.0,PI0603171   ,2006,Universidade Federal De Itajubá ( UNIFEI ),DISPOSITIVO QUE PERMITE A GERAÇÃO E ARMAZENAMENTO DE ENERGIA ELÉTRICA VIA TRAÇÃO ANIMAL DITO JERICO-GERADOR,,energia,512016000301,2016,UNIVERSIDADE FEDERAL DO RIO GRANDE DO SUL-UFRGS,SIEOLICA - SISTEMA DE INFORMAÇÕES PARA GERAÇÃO DE ENERGIA EÓLICA,APLICATIVO -  APLICATIVOS,energia
0.3258035772608516,0.4356547606803332,0.1841451729491982,0.0,0,0,0,1,3.0,MU8700230   ,2007,Ifló Indústria de Equipamentos Agrícolas Ltda.,DISPOSIÇÃO INTRODUZIDA EM PODADEIRA,,geral,057836,2004,UNIVERSIDADE FEDERAL DE SÃO PAULO,GERENCIADOR DE QUALIDADE EM MAMOGRAFIA,APLICATIVO -  APLICATIVOS,geral
0.3256395586036594,0.43502209083627974,0.1841451729491982,0.0,0,0,0,1,2.0,MU8602659   ,2006,Ifló Indústria de Equipamentos Agrícolas Ltda.,DISPOSIÇÃO INTRODUZIDA EM TRANSBORDO,,geral,057836,2004,UNIVERSIDADE FEDERAL DE SÃO PAULO,GERENCIADOR DE QUALIDADE EM MAMOGRAFIA,APLICATIVO -  APLICATIVOS,geral
0.3255626046784173,0.9137788629733368,0.005358037921801673,0.0,1,1,1,0,10.0,PI0803283   ,2008,Universidade Estadual de Maringá,SENSOR ELETRÔNICO PARA DETERMINAÇÃO DO TEOR DE ÁLCOOIS EM HIDROCARBONETOS,,industria_4_0,512018000075,2018,UNIVERSIDADE ESTADUAL DE MARINGÁ,4School,Automaçäo  -  Automaçäo Ferrm Apoio  -  Ferramenta de Apoio Planejament  -  Planejamento,industria_4_0
0.3254496963746599,0.942532832481738,0.0002510228998915398,0.0,0,0,0,1,5.0,PI0705569   ,2007,Centro Federal de Educação Tecnológica de Minas Gerais - CEFET - MG,MÉTODO PARA MEDIÇÃO E MONITORAMENTO,,saude_digital,130940,2012,UNIVERSIDADE FEDERAL DE VIÇOSA,ALVMOD,CASE   -  Computer Aided Softw Engineering,geral
0.325165155986146,0.9415674175946533,1.5338733992842357e-05,0.0,0,0,0,1,7.0,PI0604281   ,2004,UNIVERSIDADE DO ESTADO DO RIO DE JANEIRO - UERJ,"PROCESSO PARA OBTENÇÃO DE DECOTOS DE FRUTOS E CAROÇOS DE EUTERPE OLERACEA (AÇAÍ) PROCESSO DE OBTENÇÃO DE EXTRATOS HIDRO-ALCOÓLICOS A PARTIR DOS DECOTOS; PROCESSO DE OBTENÇÃO DE LIOFILIZADO E/OU SPRAY DRYER DO EXTRATO HIDRO-ALCOÓLICO; COMPOSIÇÕES FARMACÊUTICAS CONTENDO OS LIOFILIZADOS E/OU SPRAY DRYER DOS DITOS EXTRATOS E USO TERAPÊUTICO DAS COMPOSIÇÕES COMO VASODILATADOR NO TRATAMENTO DAS SÍNDROMES ISQUÊMICAS, VASO-ESPÁSTICAS E DA HIPERTENSÃO ARTERIAL",,saude_digital,116065,2011,FACULDADES CATÓLICAS MANTENEDORA DA PONTIFÍCIA UNIVERSIDADE CATÓLICA,MODELO NCM/NCL - VERSÃO 0.12.1,Com Dados  -  Comunicaçäo de Dados Linguagem  -  Linguagens Teleinform -  Teleinformática,geral
0.3248554458795121,0.625342459860613,0.11834850988804935,0.09090909090909091,0,0,0,0,4.0,MU8602116   ,2006,Ifló Indústria de Equipamentos Agrícolas Ltda.,DISPOSIÇÃO INTRODUZIDA EM BARRA DE CORTE,,geral,104941,2010,UNIVERSIDADE DE SÃO PAULO,ENERGIA  ESPECIFICA DE CORTE,Aplc Tcn Ct  -  Aplicaçöes Técnico-Científicas,energia
0.3241580169023005,0.9282886449923187,0.0008392435927094821,0.0,1,1,1,0,6.0,PI0604691   ,2006,UNIVERSIDADE ESTADUAL DE CAMPINAS - UNICAMP,"NOVO USO MÉDICO, COMPOSIÇÕES FARMACÊUTICAS E MÉTODO DE REVERSÃO DA RESISTÊNCIA A QUIMIOTERÁPICOS UTILIZANDO INIBIDORES DE PROTEÍNAS FOSFATASES",,saude_digital,130844,2012,UNIVERSIDADE ESTADUAL DE CAMPINAS - UNICAMP,STB-SCAN,Com Dados  -  Comunicaçäo de Dados Ferrm Apoio  -  Ferramenta de Apoio Ger de Rede  -  Gerenciador de Rede de Comunicaçäo de Dados Inst Biomd -  Instrumentaçäo Biomédica Inst T&M   -  Instrumentaçäo de Teste e Mediçäo,saude_digital
0.3239314725965513,0.9414631257131749,-0.0016820841264535424,0.0,0,0,0,1,7.0,PI0705569   ,2007,Centro Federal de Educação Tecnológica de Minas Gerais - CEFET - MG,MÉTODO PARA MEDIÇÃO E MONITORAMENTO,,saude_digital,512014000712,2014,UNIVERSIDADE FEDERAL DE SÃO JOÃO DEL REI,QUIZMICA: JOGO EDUCACIONAL DE QUÍMICA E BIOLOGIA,Entrtmnto  -  Entretenimento Simuladores  -  Simuladores Destinados ao Lazer,educacao_tecnologica
0.3239303141880501,0.9424285406002596,-0.0018426771068356107,0.0,0,0,0,1,5.0,PI0602094   ,2006,Universidade Estadual de Campinas - UNICAMP,COMPOSIÇÃO MEDICAMENTOSA A BASE DE CASEARIA SYLVESTRIS E USO DE COMPOSIÇÃO MEDICAMENTOSA A BASE DE CASEARIA SYLVESTRIS,,saude_digital,123206,2011,FUNDAÇÃO UNIVERSIDADE FEDERAL DO ABC,GERADOR DE GRADE HORÁRIA UNIVERSITÁRIA,Pesq Operac  -  Pesquisa Operacional,geral
0.3239191609945301,0.942453193938207,-0.0018621763232076205,0.0,0,0,0,1,10.0,PI0801816   ,2008,Universidade Estadual de Campinas - Unicamp,PROCESSO PARA PRODUÇÃO DE PÃO UTILIZANDO FARINHA DE TRIGO DE GRÃO INTEIRO E ENZIMAS XILANASE E GLICOSE OXIDASE,,geral,512018001246,2018,FUNDAÇÃO UNIVERSIDADE FEDERAL DO ABC- UFABC,ANAGED - Análise de Alocação de Geração Distribuída,Planejament  -  Planejamento,geral
0.323883770810574,0.9449576988388737,-0.0023219170490660357,0.0,1,1,1,0,8.0,PI0703747   ,2007,Universidade de São Paulo - USP,"FORMA FARMACÊUTICA, PROCESSO DE OBTENÇÃO DE FORMA FARMACÊUTICA E USO",,saude_digital,512015001485,2015,UNIVERSIDADE DE SÃO PAULO- USP,"SUBSISTEMA MULTIPLATAFORMA PARA CONTROLE DE AQUISIÇÃO, VISUALIZAÇÃO E ORGANIZAÇÃO DE DADOS DE  ESPECTRÔMETRO DIGITAL DE RM: TORM CONSOLE",Inst Analt -  Instrumentaçäo Analítica Inst Biomd -  Instrumentaçäo Biomédica Inst T&M   -  Instrumentaçäo de Teste e Mediçäo Instrument -  Instrumentaçäo Proc Imagem  -  Processamento de Imagem,saude_digital
0.32378174187323105,0.9437562560454922,-0.002266174387383968,0.0,0,0,0,1,2.0,PI0404089   ,2004,UNIVERSIDADE ESTADUAL DE CAMPINAS - UNICAMP,MÓDULO DE LOCOMOÇÃO PARA MOTORIZAÇÃO DE VEÍCULOS E CADEIRA DE RODAS MANUAL CONVENCIONAL CONVERTIDA EM CADEIRA DE RODAS MOTORIZADA,,geral,075035,2006,UNIVERSIDADE DE SÃO PAULO,FBSIMU,Atm Indust -  Automaçäo Industrial Contr Proc -  Controle de Processos Instrument -  Instrumentaçäo Simul & Mod  -  Simulaçäo e Modelagem,industria_4_0
0.32351821769172895,0.9414631257131749,-0.002254396512071155,0.0,0,0,0,1,7.0,PI0801447   ,2008,Universidade Federal do Rio Grande do Sul,Processo de obtenção de extrato vegetal de catequinas a partir de plantas do gênero camellia,,agricultura_inteligente,512015000419,2015,UNIVERSIDADE FEDERAL DE SANTA MARIA - UFSM,CROPCOUNTER,Atm Comerc -  Automaçäo Comercial Automaçäo  -  Automaçäo,industria_4_0
0.32343624790656994,0.6880674828053767,0.18332993808993425,0.0,1,1,0,0,4.0,PI0902588   ,2009,Universidade Federal de Goiás,ASSOCIAÇÃO DE FUNGOS DE DECOMPOSIÇÃO BRANCA AO PROCESSO DE FILTRAÇÃO LENTA,,geral,512013000343,2013,UNIVERSIDADE FEDERAL DE GOIÁS,CRANELIFT,"Ferrm Apoio  -  Ferramenta de Apoio Ferrm Desnv  -  Ferramentas de Suporte ao Desenvolv. de Sistemas Org Man Arq  -  Organizaçäo, Tratamento, Manutençäo de Arquivos Transf Arq -  Transferência de Arquivos",geral
0.32334444871261514,0.9433200655486124,-0.0027986521363889683,0.0,0,0,0,1,9.0,PI0706183   ,2007,Universidade Federal de Santa Maria - NIT/NÚCLEO DE INOVAÇÃO E TRANSFERÊNCIA DE TECNOLOGIA,MÉTODO PARA DISCRIMINAÇÃO DE BOVINOS DE MAIOR PRECOCIDADE SEXUAL A PARTIR DA COLETA DE TECIDOS OU DE CÉLULAS FETAIS,,cidades_inteligentes,512016000863,2016,UNIVERSIDADE FEDERAL DO RIO GRANDE DO SUL-UFRGS,FAULT DETECTION SYSTEM,Ling Procd -  Linguagem Procedural,geral
0.3226490774940054,0.07359125581567469,0.18299813576699764,0.03333333333333333,0,1,1,1,17.0,PI0501389   ,2005,UNIVERSIDADE DE SÃO PAULO - USP,APARELHO ELETROMAGNÉTICO DE POSICIONAMENTO LINEAR COM DINAMOMETRIA E RESPECTIVO MÉTODO DE MEDIÇÃO,,saude_digital,512022002377,2022,UNIVERSIDADE DE SÃO PAULO - USP,SYNTASK - SOFTWARE DE TAREFAS SINTÉTICAS AERONÁUTICAS,Aplc Tcn Ct  -  Aplicaçöes Técnico-Científicas Ferrm Desnv  -  Ferramentas de Suporte ao Desenvolv. de Sistemas Inst T&M   -  Instrumentaçäo de Teste e Mediçäo Simulador  -  Simulador Vôo/Carro/Submarino/...,saude_digital
0.3224998791056361,0.9436381543765482,-0.0040133458127902255,0.0,0,0,0,1,5.0,PI0203534   ,2002,Coppe/UFRJ - Coordenação Dos Programas De Pós Graduação De Engenharia Da Universidade Federal Do Rio De Janeiro,PROCESSO PARA APLICAÇÃO DE REVESTIMENTO À BASE DE NB.,,geral,082234,2007,FACULDADES CATÓLICAS MANTENEDORA DA PONTIFÍCIA UNIVERSIDADE CATÓLICA DO RIO DE JANEIRO - PUC - RJ,FORMATADOR NCL EM CPP,Com Dados  -  Comunicaçäo de Dados Linguagem  -  Linguagens Teleinform -  Teleinformática,geral
0.32241035767102455,0.9422634262030801,-0.003913479903467909,0.0,0,0,0,1,10.0,PI0904913   ,2009,Universidade Federal de Lavras,SISTEMA PARA ANÁLISE DE VIABILIDADE DE SÊMEN DE VERTEBRADOS POR MEIO DE PROCESSAMENTO DE IMAGENS,,geral,512019000976,2019,UNIVERSIDADE FEDERAL DE VIÇOSA,UFV Eventos iOS,APLICATIVO -  APLICATIVOS Com Dados  -  Comunicaçäo de Dados Interf Com -  Interface de Comunicaçäo Recup Dados  -  Recuperaçäo de Dados,geral
0.32234135509437395,0.9390847154267139,-0.05371870333470863,0.0,1,1,0,1,9.0,PI0506243   ,2005,Universidade Estadual de Maringá,PROCESSO DE OBTENÇÃO DE EXTRATO DE PRÓPOLIS PARA USO ODONTOLÓGICO E FORMULAÇÕES DE PRÓPOLIS PARA USO ODONTOLÓGICO,,geral,512014001544,2014,UNIVERSIDADE ESTADUAL DE MARINGÁ,"GESCOMP-GESTÃO ESTRATÉGICA DE COMPRAS,ORÇAMENTO,MATERIAL E PATRIMÔNIO",APLICATIVO -  APLICATIVOS,geral
0.3219076774264558,0.9423882678640814,-0.004624350306887459,0.0,0,0,0,1,4.0,MU9001240   ,2010,UNIVERSIDADE DE SÃO PAULO - USP,APERFEIÇOAMENTO INTRODUZIDO EM DISPOSITIVO PROVIDO DE ESCALA MILIMÉTRICA PARA MEDIÇÕES FACIAIS E TRATAMENTO REABILITADOR COM PRÓTESE OCULAR,,saude_digital,512014001192,2014,UNIVERSIDADE DE SÃO PAULO,ES-TETRIS,Instrument -  Instrumentaçäo,geral
0.321684323402314,0.9428111057602212,-0.004998852738070214,0.0,0,0,0,1,6.0,PI0804211   ,2008,Universidade Federal de Ouro Preto,PROCESSO DE TRATABILIDADE DE EFLUENTES GERADOS PELA INDÚSTRIA MOVELEIRA,,geral,512014000135,2014,UNIVERSIDADE FEDERAL DE ALFENAS,SIT - SISTEMA INTEGRADO DE TRANSPORTE,Cont Recurs  -  Contabilizaçäo de Recursos Contr Proc -  Controle de Processos Controle   -  Controle,industria_4_0
0.32098817473084146,0.011231865871201271,0.8080840472976178,0.1111111111111111,0,0,1,1,10.0,PI1003623   ,2010,UNIVERSIDADE FEDERAL DE SÃO PAULO - UNIFESP,MÉTODO E KIT DE DIAGNÓSTICO/PROGNÓSTICO DE GAMOPATIAS MONOCLONAIS MALIGNAS,,saude_digital,512020001093,2020,UNIVERSIDADE FEDERAL DO RIO GRANDE DO NORTE,Faça o Diagnóstico,APLICATIVO -  APLICATIVOS,saude_digital
0.3209362691635753,0.94344461755827,-0.006123482192209373,0.0,0,0,0,1,10.0,PI1002028   ,2010,Universidade Federal do Rio Grande - FURG,SOLUÇÃO INDUTORA DA CAPACIDADE DETOXIFICATÓRIA E MÉTODO DE ADMINISTRAÇÃO DE TAL COMPOSIÇÃO,,cidades_inteligentes,512020000853,2020,FUNDAÇÃO UNIVERSIDADE FEDERAL DO PAMPA,Numérico Pró,APLICATIVO -  APLICATIVOS,geral
0.3204122186395267,0.9362235959182932,-0.005680528750077851,0.0,1,1,1,0,1.0,PI0705589   ,2007,Universidade Federal de Minas Gerais,"COMPOSIÇÕES FARMACÊUTICAS DE SEMICARBAZONAS E/OU TIOSSEMICARBAZONAS E/OU SEUS DERIVADOS E PRODUTOS DESSAS COMPOSIÇÕES E USOS COMO ANTICONVULSIVANTES, ANTINOCICEPTIVOS ANTIINFLAMATÓRIOS, E NA TERAPIA ANGIOGÊNICA",,saude_digital,076243,2006,UNIVERSIDADE FEDERAL DE MINAS GERAIS,GERIÁTRICO,Aplc Tcn Ct  -  Aplicaçöes Técnico-Científicas Aval Desemp  -  Avaliaçäo de Desempenho Gerenc Info  -  Gerenciador de Informaçöes Inst Biomd -  Instrumentaçäo Biomédica Inst T&M   -  Instrumentaçäo de Teste e Mediçäo,saude_digital
0.3203996562128511,0.8484991810173159,0.07597920842798933,0.0,0,0,1,0,6.0,MU8403422   ,2004,Universidade Estadual Paulista Júlio de Mesquita Filho,DISPOSIÇÃO CONSTRUTIVA INTRODUZIDA EM DOSÍMETRO PIROELÉTRICO PARA A FAIXA DE MAMOGRAFIA,,energia,104941,2010,UNIVERSIDADE DE SÃO PAULO,ENERGIA  ESPECIFICA DE CORTE,Aplc Tcn Ct  -  Aplicaçöes Técnico-Científicas,energia
0.3200945349514836,0.0004017960417680417,0.5821090358294017,0.16666666666666666,0,0,1,1,11.0,PI1004434   ,2010,Fundação Universidade Federal do Vale do São Francisco - UNIVASF,SISTEMA AUTOMÁTICO DE CONTROLE DE ILUMINAÇÃO,,industria_4_0,512021000956,2021,"INSTITUTO FEDERAL DE EDUCAÇÃO, CIÊNCIA E TECNOLOGIA GOIANO",API de reconhecimento automático de espécies de peixe,Controle   -  Controle,industria_4_0
0.3198348383177413,0.9370216859781297,-0.006599780324608284,0.0,0,0,0,1,3.0,PI0700308   ,2007,UNIVERSIDADE ESTADUAL DE CAMPINAS - UNICAMP,FORNO DE NITRETAÇÃO IÔNICA COM CATODOS MÚLTIPLOS,,geral,103985,2010,UNIVERSIDADE ESTADUAL PAULISTA JÚLIO DE MESQUITA FILHO - UNESP,GERADOR DE SITES PARA PROGRAMAS DE PÓS-GRADUAÇÃO SEGUNDO PADRÃO CAPES,Ferrm Apoio  -  Ferramenta de Apoio Gerad Telas  -  Gerador de Telas Gerd Aplic -  Gerador de Aplicaçöes e/ou Progr. Gerenc Info  -  Gerenciador de Informaçöes,geral
0.3193137058732017,0.9147591410161315,-0.0036712681889157217,0.0,1,1,1,0,10.0,PI0303684   ,2003,Universidade Estadual de Campinas - UNICAMP,SENSOR AMPEROMÉTRICO PARA DETERMINAÇÃO DE PERÓXIDO DE BENZOILA EM AMOSTRAS FARMACÊUTICAS,,saude_digital,512013000215,2013,UNIVERSIDADE ESTADUAL DE CAMPINAS - UNICAMP,GRAVSUR,APLICATIVO -  APLICATIVOS Aplc Tcn Ct  -  Aplicaçöes Técnico-Científicas Inst T&M   -  Instrumentaçäo de Teste e Mediçäo,saude_digital
0.31926083531946314,0.9301820159631724,-0.006284272878757546,0.0,0,0,0,1,2.0,PI0701289   ,2007,UNIVERSIDADE FEDERAL DO RIO DE JANEIRO - UFRJ,PROCESSO DE PRODUÇÃO DE FILME POLIMÉRICO,,geral,099033,2009,FACULDADES CATÓLICAS MANTENEDORA DA PONTIFÍCIA UNIVERSIDADE CATÓLICA,SUPORT TO MULTIPLE EXHIBITION DEVICES,Com Dados  -  Comunicaçäo de Dados Linguagem  -  Linguagens Teleinform -  Teleinformática,geral
0.31859602360850703,0.9413972671963158,-0.008979461808066302,0.0,0,0,0,1,5.0,PI0400867   ,2004,Universidade Estadual de Campinas - Unicamp,ESPECTROMETRIA DE ESPALHAMENTO DE RAIOS X (EERX) ASSOCIADA A QUIMIOMETRIA,,geral,097454,2009,UNIVERSIDADE DE SÃO PAULO,SAJ - SISTEMA DE ANÁLISE DE JUNTAS,CASE   -  Computer Aided Softw Engineering,geral
0.3180365768423401,0.38192634874545406,0.33437256324574927,0.07142857142857142,0,0,0,0,1.0,PI0203756   ,2002,Universidade Estadual de Campinas - Unicamp,"SISTEMA BIOMÉTRICO DE CADASTRAMENTO, CONSULTA E IDENTIFICAÇÃO AUTOMÁTICA PESSOAL VIA INTERNET",,geral,052051,2003,UNIVERSIDADE ESTADUAL PAULISTA JÚLIO DE MESQUITA FILHO - UNESP,TUTORIAL DE CONSULTA DO CHEMICAL ABASTRACTS,Ferrm Apoio  -  Ferramenta de Apoio,geral
0.3167539412243788,0.012901141844501154,0.5706231331495378,0.1111111111111111,0,0,1,1,9.0,PI0803439   ,2008,UNIVERSIDADE ESTADUAL DE CAMPINAS - UNICAMP,EQUIPAMENTO E MÉTODO DE MONITORAMENTO E CONTROLE DE PROCESSOS INDUSTRIAIS,,industria_4_0,512017000444,2017,UNIVERSIDADE FEDERAL DO RIO GRANDE DO NORTE,SISTEMA DE CONTROLE E MONITORAMENTO DE AMBIENTES LABORATORIAIS - SICMALAB,APLICATIVO -  APLICATIVOS,industria_4_0
0.31643306525844,0.0002408907754445736,0.3437135281663739,0.16666666666666666,0,0,1,1,12.0,PI0603870   ,2006,EMBRAPA - EMPRESA BRASILEIRA DE PESQUISA AGROPECUÁRIA,CESTA PARA COLHEITA DE FIGOS,,agricultura_inteligente,512018052383,2018,"INSTITUTO FEDERAL DE EDUCAÇÃO, CIÊNCIA E TECNOLOGIA DE MATO GROSSO DO SUL",Veduíno - Dispositivo para ponto de colheita,Compilador -  Compilador,agricultura_inteligente
0.316309253345737,0.3141078660433132,0.36879990381357264,0.08695652173913043,0,0,0,0,8.0,PI0302774   ,2003,Universidade Federal de Minas Gerais,"Processo de separação de vapores metálicos alcalinos por indução
magnética",,geral,119490,2011,UNIVERSIDADE FEDERAL DE VIÇOSA,"SOFTWARE PARA SIMULAÇÃO DA ANÁLISE DINÂMICA DE MOTORES DE INDUÇÃO TRIFÁSICOS A PARTIR DE UMA MODELAGEM MATEMÁTICA DESENVOLVIDA EM VARIÁVEIS ""ABC"" NA QUAL É INTRODUZIDA A SATURAÇÃO MAGNÉTICA",Simul & Mod  -  Simulaçäo e Modelagem,geral
0.31523188350854564,0.011160586380129782,0.639579951530832,0.1111111111111111,0,0,1,1,6.0,PI0205547   ,2002,Universidade Estadual Paulista Julio de Mesquita Filho,DISPOSITIVO LÚDICO PARA ENSINO SOBRE RECICLAGEM DE EMBALAGENS,,educacao_tecnologica,091434,2008,UNIVERSIDADE FEDERAL DE SANTA MARIA - UFSM,SIE - SISTEMA DE INFORMAÇÕES PARA O ENSINO,APLICATIVO -  APLICATIVOS,educacao_tecnologica
0.3143562765940168,0.04682483932078095,0.39715249510994155,0.06666666666666667,0,0,1,1,19.0,PI0101629   ,2001,Universidade de São Paulo - USP,Célula solar modulável,,energia,512020000990,2020,UNIVERSIDADE ESTADUAL PAULISTA JULIO DE MESQUITA FILHO,SUNCOUNTER: PROGRAMA COMPUTACIONAL PARA CONTAGEM AUTOMATIZADA DE HORAS DE BRILHO SOLAR REGISTRADAS POR HELIÓGRAFOS,Interf E&S -  Interface de Entrada e Saída,energia
0.3138461703856054,0.011231865871201271,0.5953121675810057,0.1111111111111111,0,0,1,1,10.0,PI0603171   ,2006,Universidade Federal De Itajubá ( UNIFEI ),DISPOSITIVO QUE PERMITE A GERAÇÃO E ARMAZENAMENTO DE ENERGIA ELÉTRICA VIA TRAÇÃO ANIMAL DITO JERICO-GERADOR,,energia,512016000864,2016,UNIVERSIDADE FEDERAL DO RIO GRANDE DO SUL-UFRGS,SIEOLICA-M-SISTEMA DE INFORMAÇÕES PARA GERAÇÃO DE ENERGIA EÓLICA-MOBILE,APLICATIVO -  APLICATIVOS,energia
0.31332232740872673,0.9376353888227594,-0.06352795778725628,0.0,1,1,0,1,10.0,PI1005977   ,2010,UNIVERSIDADE FEDERAL DO RIO GRANDE DO SUL,CATALISADORES DE CROMO  E NÍQUEL PARA REAÇÕES DE OLIGOMERIZAÇÃO E PROCESSO PARA A OBTENÇÃO DE ALFA-OLEFINAS USANDO TAIS CATALISADORES,,geral,512020001163,2020,UNIVERSIDADE FEDERAL DO RIO GRANDE DO SUL,SÍFILIS,APLICATIVO -  APLICATIVOS,geral
0.312915916668344,0.011160586380129782,0.5741860506831015,0.1111111111111111,0,0,1,1,6.0,PI0205549   ,2002,Universidade Estadual Paulista Julio de Mesquita Filho,DISPOSITIVO LÚDICO PARA ENSINO SOBRE A PRODUÇÃO DE LIXO,,educacao_tecnologica,091434,2008,UNIVERSIDADE FEDERAL DE SANTA MARIA - UFSM,SIE - SISTEMA DE INFORMAÇÕES PARA O ENSINO,APLICATIVO -  APLICATIVOS,educacao_tecnologica
0.31245265942792694,0.8891522103178129,-0.00896697977122285,0.0,1,1,1,0,8.0,PI0600679   ,2006,Universidade de São Paulo - USP,"USO FARMACOLÓGICO DE NEOLIGNANAS, SEUS DERIVADOS E ANÁLOGOS, COMPOSIÇÃO E SEU PROCESSO DE OBTENÇÃO NO TRATAMENTO DE DOENÇAS CAUSADAS POR MICOBACTÉRIAS E MICOBACTÉRIAS ATÍPICAS",,saude_digital,512014000212,2014,UNIVERSIDADE DE SÃO PAULO- USP,"""EKOS - AVALIAÇÃO DOS SERVIÇOS EM SAÚDE""",Gerenc Info  -  Gerenciador de Informaçöes,saude_digital
0.3123741603770928,0.9424831668330214,-0.017440137592971583,0.0,0,0,0,1,5.0,PI0804889   ,2008,UNIVERSIDADE ESTADUAL DE CAMPINAS - UNICAMP,PROCESSO DE PRODUÇÃO DE CONJUGADOS DE INTERFERON COM ÓXIDOS DE POLIALQUILENOS E SEUS USOS,,geral,512013001397,2013,FACULDADE DE TECNOLOGIA DE JUNDIAÍ - CENTRO PAULA SOUZA,SISTEMA DE CONTROLE DE ACESSO UTILIZANDO PLATAFORMA ARDUINO,Interf E&S -  Interface de Entrada e Saída,industria_4_0
0.3109680031904178,0.9471523858052795,0.0690010929631717,0.0,1,1,0,0,6.0,PI0802256   ,2008,UNIVERSIDADE DE SÃO PAULO - USP,FORMULAÇÃO ODONTOLÓGICA ENDODÔNTICA ESTÁVEL E PROCESSO DE PREPARO DA MESMA,,geral,512014000210,2014,UNIVERSIDADE DE SÃO PAULO- USP,"""FRACTUS 2D - CÁLCULO NUMÉRICO DE PARÂMETROS DE MECÂNICA DA FRATURA EM COMPONENTES ESTRUTURAIS 2D CONTENDO TRINCAS""",Aplc Tcn Ct  -  Aplicaçöes Técnico-Científicas,geral
0.3106869096684294,0.9293097270042651,-0.017701616148243948,0.0,0,0,0,1,1.0,PI0601672   ,2006,Universidade Estadual de Campinas - UNICAMP,USO DAS BANDAS DE HUNTER-SCHREGER DO ESMALTE DENTAL COMO PARÂMETRO BIOMÉTRICO PARA IDENTIFICAÇÃO HUMANA E ANIMAL,,geral,083984,2007,UNIVERSIDADE DE SÃO PAULO,VOCABULÁRIO CONTROLADO USP: BASE DE DADOS DE DESCRITORES EM LÍNGUA PORTUGUESA PARA INDEXAÇÃO E RECUPERAÇÃO DA INFORMAÇÃO,APLICATIVO -  APLICATIVOS Dicion Dad -  Dicionário de Dados Gerenc Info  -  Gerenciador de Informaçöes,geral
0.31060953186046153,0.9471523858052795,0.06840382469560058,0.0,1,1,0,0,6.0,PI0604581   ,2006,Universidade Federal de Santa Catarina,REATOR ELETRÔNICO PARA LÂMPADAS FLUORESCENTES USANDO TÉCNICAS DE INTEGRAÇÃO PARA CORREÇÃO DO FATOR DE POTÊNCIA,,geral,130492,2012,UNIVERSIDADE FEDERAL DE SANTA CATARINA,SIMULAÇÃO DE UM ESPECTROMETRO ÓPTICO PARA DETECÇÃO DE ESPECTRO ATÔMICO,Simul & Mod  -  Simulaçäo e Modelagem,geral
0.3104254340288471,0.01607270849955263,0.45142285009647876,0.125,0,1,0,1,12.0,PI0602793   ,2006,Universidade Federal do Rio Grande do Sul,PROCESSO IN VITRO PARA DIAGNÓSTICO CARIOTÍPICO E KIT PARA DIAGNÓSTICO CARIOTÍPICO IN VITRO,,saude_digital,512018000822,2018,UNIVERSIDADE FEDERAL DO RIO GRANDE DO SUL,Avaliação e Diagnóstico da Ansiedade,APLICATIVO -  APLICATIVOS,educacao_tecnologica
0.3093730946483525,0.915734524115452,0.07400875800386797,0.0,1,1,0,0,5.0,PI0404270   ,2004,Universidade Federal de Minas Gerais,"IMOBILIZADOR E POSICIONADOR DOS ARTELHOS II, III, IV",,geral,102525,2009,UNIVERSIDADE FEDERAL DE MINAS GERAIS,PROGRAMA EMBARCADO PARA O FUNCIONAMENTO DO DISPOSITIVO PARA DIAGNÓSTICO DE FALHAS EM TRANSFORMADORES DE DISTRIBUIÇÃO E MÉTODO,Adm Dispost  -  Administrador de Dispositivos Ferrm Desnv  -  Ferramentas de Suporte ao Desenvolv. de Sistemas Inst Analt -  Instrumentaçäo Analítica Inst T&M   -  Instrumentaçäo de Teste e Mediçäo Intlg Artf -  Inteligência Artificial,saude_digital
0.3083852038987119,0.9397176518117819,-0.06896607195515592,0.0,1,1,0,1,10.0,PI0804894   ,2008,Universidade Federal de São Paulo - UNIFESP,"PROCESSO IN VITRO DE AVALIAÇÃO DA FERTILIDADE DE MAMÍFEROS, KIT DE DIAGNÓSTICO E MARCADORES MOLECULARES DE FERTILIDADE",,educacao_tecnologica,512018052462,2018,UNIVERSIDADE FEDERAL DE SÃO PAULO - UNIFESP,3DMol - Friendly enviroment for visualizing proteins,APLICATIVO -  APLICATIVOS,geral
0.3083852038987119,0.9397176518117819,-0.06896607195515592,0.0,1,1,0,1,10.0,PI0804358   ,2008,Universidade Federal de São Paulo - UNIFESP,"PROCESSO IN VITRO DE AVALIAÇÃO DA FERTILIDADE DE MAMÍFEROS, KIT DE DIAGNÓSTICO E MARCADORES MOLECULARES DE FERTILIDADE",,educacao_tecnologica,512018052462,2018,UNIVERSIDADE FEDERAL DE SÃO PAULO - UNIFESP,3DMol - Friendly enviroment for visualizing proteins,APLICATIVO -  APLICATIVOS,geral
0.3081436571592804,0.9263386832789828,0.06928686900766279,0.0,1,1,0,0,8.0,PI0905581   ,2009,EMPRESA BRASILEIRA DE PESQUISA AGROPECUÁRIA - EMBRAPA,CIRCUITO PARA COLETA DE EMBRIÕES PELA VIA TRANSCERVICAL EM CAPRINOS E OVINOS,,geral,512017000606,2017,EMPRESA BRASILEIRA DE PESQUISA AGROPECUÁRIA EMBRAPA,GISLEITEAPP - APLICATIVO PARA GESTÃO INFORMATIZADA DE SISTEMAS DE PRODUÇÃO DE LEITE,APLICATIVO -  APLICATIVOS Aplc Tcn Ct  -  Aplicaçöes Técnico-Científicas Auditoria  -  Auditoria Controle   -  Controle Planejament  -  Planejamento,industria_4_0
0.307952734333924,0.014626211190528454,0.5122133361603358,0.1,0,0,1,1,2.0,PI0602793   ,2006,Universidade Federal do Rio Grande do Sul,PROCESSO IN VITRO PARA DIAGNÓSTICO CARIOTÍPICO E KIT PARA DIAGNÓSTICO CARIOTÍPICO IN VITRO,,saude_digital,092273,2008,UNIVERSIDADE ESTADUAL PAULISTA JÚLIO DE MESQUITA FILHO UNESP,SISDTM - SISTEMA PARA DIAGNÓSTICO DAS DISFUNÇÕES TEMPOROMANDIBULARES (DTM),APLICATIVO -  APLICATIVOS,saude_digital
0.30737195278344864,0.9462192380823126,-0.02445665417992604,0.0,0,0,0,1,0.0,PI0703703   ,2007,Universidade Federal do Rio de Janeiro - UFRJ,ADITIVOS PARA CONTROLE DE EMISSÕES DE GASES DE COMBUSTÃO DE UNIDADES DE PROCESSO DE CRAQUEAMENTO CATALÍTICO FLUIDO DE HIDROCARBONETOS E PROCESSO,,industria_4_0,082205,2007,FACULDADES CATÓLICAS MANTENEDORA DA PONTIFÍCIA UNIVERSIDADE CATÓLICA DO RIO DE JANEIRO - PUC - RJ,GINGA NÚCLEO COMUM EM CPP,Com Dados  -  Comunicaçäo de Dados Linguagem  -  Linguagens Teleinform -  Teleinformática,geral
0.3069529325055982,0.56494490821607,0.23263782542967304,0.03571428571428571,0,0,0,0,2.0,PI0902240   ,2009,Universidade Federal de Minas Gerais,"PROCESSO DE OBTENÇÃO DE RECOBRIMENTOS ESPECIAIS A PARTIR DE PROCESSOS QUÍMICOS COM GLICERINA, ESPECIALMENTE A GLICERINA SUBPRODUTO DO BIODIESEL",,geral,119490,2011,UNIVERSIDADE FEDERAL DE VIÇOSA,"SOFTWARE PARA SIMULAÇÃO DA ANÁLISE DINÂMICA DE MOTORES DE INDUÇÃO TRIFÁSICOS A PARTIR DE UMA MODELAGEM MATEMÁTICA DESENVOLVIDA EM VARIÁVEIS ""ABC"" NA QUAL É INTRODUZIDA A SATURAÇÃO MAGNÉTICA",Simul & Mod  -  Simulaçäo e Modelagem,geral
0.30598643920901364,0.009840886057393796,0.46929510919613526,0.1111111111111111,0,0,1,1,9.0,PI1003623   ,2010,UNIVERSIDADE FEDERAL DE SÃO PAULO - UNIFESP,MÉTODO E KIT DE DIAGNÓSTICO/PROGNÓSTICO DE GAMOPATIAS MONOCLONAIS MALIGNAS,,saude_digital,512019002565,2019,UNIVERSIDADE FEDERAL DO RIO DE JANEIRO,E-DIAGNÓSTICO,Interf Com -  Interface de Comunicaçäo,saude_digital
0.3058399806181779,0.5603782393832446,0.23263782542967304,0.03571428571428571,0,0,0,0,4.0,PI0902240   ,2009,Universidade Federal de Minas Gerais,"PROCESSO DE OBTENÇÃO DE RECOBRIMENTOS ESPECIAIS A PARTIR DE PROCESSOS QUÍMICOS COM GLICERINA, ESPECIALMENTE A GLICERINA SUBPRODUTO DO BIODIESEL",,geral,512013000292,2013,UNIVERSIDADE FEDERAL DE VIÇOSA,SOFTWARE PARA SIMULAÇÃO DA ANÁLISE DINÂMICA DE MOTORES DE INDUÇÃO TRIFÁSICOS A PARTIR DE UMA MODELAGEM MATEMÁTICA  DESENVOLVIDA EM VARIÁVEIS ABC NA QUAL É INTRODUZIDA  A SATURAÇÃO MAGNÉTICA,Simul & Mod  -  Simulaçäo e Modelagem,geral
0.3057308620122286,0.008010704817770446,0.36095615580593554,0.12,0,0,1,1,10.0,PI0804835   ,2008,Serviço Nacional de Aprendizagem Industrial - SENAI/DR/BA,PROCESSO INDUSTRIAL CONTÍNUO PARA PRODUÇÃO DE POLISSACARÍDEO SOB A FORMA DE CALDO CONCENTRADO BASE ÁGUA,,industria_4_0,512018051831,2018,UNIVERSIDADE FEDERAL DE CAMPINA GRANDE - PB,Planejamento otimizado de produção utilizando mecanismos de planejamento leve que resolve os problemas de otimização de alocação de trabalho de forma eficiente.,Atm Indust -  Automaçäo Industrial,industria_4_0
0.30554032313857593,0.0085336218931834,0.896428003109319,0.16666666666666666,0,0,0,1,14.0,MU8801104   ,2008,Universidade Estadual de Montes Claros- UNIMONTES,COLETOR DE FOLHAS E FRUTOS,,geral,512022000646,2022,CENTRO FEDERAL DE EDUCAÇÃO TECNOLÓGICA DE MINAS GERAIS,Recicle+ Coletor,APLICATIVO -  APLICATIVOS,geral
0.30529800692331105,0.2193405081933113,0.6671037444540485,0.0625,0,0,0,0,4.0,PI0906169   ,2009,Instituto Nacional de Tecnologia - INT,TRATAMENTO PÓS-COLHEITA PARA A CONSERVAÇÃO DE PALMITO DE PUPUNHA MINIMAMENTE PROCESSADO E MÉTODO DE ACONDICIONAMENTO DE PALMITO DE PUPUNHA MINIMAMENTE PROCESSADO,,agricultura_inteligente,512013001030,2013,UNIVERSIDADE FEDERAL FLUMINENSE - UFF,SAPOS - SISTEMA DE APOIO À PÓS-GRADUAÇÃO,Gerenc Info  -  Gerenciador de Informaçöes,geral
0.30528563595835567,0.952103084194562,0.05850065953334549,0.0,1,1,0,0,4.0,PI0506358   ,2005,Universidade Federal da Bahia,"RECUPERAÇÃO SECUNDÁRIA OU PRODUÇÃO DE PETRÓLEO, COM USO DE GLICERINA BRUTA OU GLICEROL CO-PRODUTO DA PRODUÇÃO DE BIODIESEL, EM INJEÇÃO E EXTRAÇÃO OU LAVAGEM",,geral,101310,2009,UNIVERSIDADE FEDERAL DA BAHIA,SIMULAÇÃO ENERGÉTICA E EXERGETICA DE SISTEMAS DE CO-GERAÇÃO,Aplc Tcn Ct  -  Aplicaçöes Técnico-Científicas,geral
0.3043385437255736,0.3464366929028564,0.3985269808190963,0.05263157894736842,0,0,0,0,5.0,PI0804392   ,2008,UNIVERSIDADE ESTADUAL DE CAMPINAS - UNICAMP,PROCESSO DE DESIDRATAÇÃO DE COMPOSTOS ORGÂNICOS E PRODUTOS COMPREENDENDO COMPOSTO ORGÂNICO DESIDRATADO,,geral,512013000349,2013,FACULDADE DE TECNOLOGIA DE JUNDIAÍ - CENTRO PAULA SOUZA,SITE PARA PESQUISA DE MENOR PREÇO DE PRODUTOS DA CESTA BÁSICA EM JUNDIÁI - CESTA BÁSICA ONLINE,Ferrm Apoio  -  Ferramenta de Apoio,geral
0.3035948830357208,0.9485636098567853,0.05655743556873172,0.0,1,1,0,0,8.0,PI0600867   ,2006,Universidade de São Paulo - USP,MÉTODO E EQUIPAMENTO PARA DETERMINAÇÃO DA TEMPERATURA DE TRANSIÇÃO VÍTREA EM VIDROS,,geral,512014000519,2014,UNIVERSIDADE DE SÃO PAULO- USP,"""SISTEMA DOCUMENTAL INFORMATIZADO, DO MUSEU PAULISTA/USP""",APLICATIVO -  APLICATIVOS,geral
0.3032658478393508,0.9392136038544191,-0.07418641282518368,0.0,1,1,0,1,9.0,PI1003750   ,2010,UNIVERSIDADE DE SÃO PAULO - USP,"MICRORGANISMOS RECOMBINANTES, MÉTODOS DE PREPARAÇÃO DE LINHAGENS VACINAIS, ANTÍGENOS, COMPOSIÇÕES VACINAIS VETORIZADAS, SEUS USOS, ANTICORPOS, KIT DE DIAGNÓSTICO E MÉTODOS DE TRATAMENTO E/OU PROFILAXIA",,saude_digital,512019002523,2019,UNIVERSIDADE DE SÃO PAULO - USP,MENDELEEV,Controle   -  Controle,industria_4_0
0.3019169458454113,0.9129832872918616,0.029900386339856477,0.0,0,0,1,0,6.0,PI0803473   ,2008,Universidade de São Paulo - USP,Nanopartícula de Albumina transportadora de fármacos para terapia fotodinâmica e seu processo de preparo,,saude_digital,047210,2002,UNIVERSIDADE ESTADUAL DE CAMPINAS - UNICAMP,GUIA PRÁTICO E TEÓRICO DE PARASITAS INTESTINAIS HUMANOS,Aplc Tcn Ct  -  Aplicaçöes Técnico-Científicas Dicion Dad -  Dicionário de Dados Ferrm Apoio  -  Ferramenta de Apoio Inst Biomd -  Instrumentaçäo Biomédica,saude_digital
0.3018474871791829,0.27710218486173677,0.36879990381357264,0.08695652173913043,0,0,0,0,10.0,PI0302774   ,2003,Universidade Federal de Minas Gerais,"Processo de separação de vapores metálicos alcalinos por indução
magnética",,geral,512013000292,2013,UNIVERSIDADE FEDERAL DE VIÇOSA,SOFTWARE PARA SIMULAÇÃO DA ANÁLISE DINÂMICA DE MOTORES DE INDUÇÃO TRIFÁSICOS A PARTIR DE UMA MODELAGEM MATEMÁTICA  DESENVOLVIDA EM VARIÁVEIS ABC NA QUAL É INTRODUZIDA  A SATURAÇÃO MAGNÉTICA,Simul & Mod  -  Simulaçäo e Modelagem,geral
0.3014059580689814,0.011231865871201271,0.5286804782560286,0.1,0,0,1,1,10.0,PI0701953   ,2007,Universidade Estadual de Campinas - Unicamp,SISTEMA PORTÁTIL DE MEDIÇÃO DE SO2 LIVRE E TOTAL EM BEBIDAS E PROCESSO DE MEDIÇÃO DE SO2 LIVRE E TOTAL EM BEBIDAS,,saude_digital,512017000733,2017,UNIVERSIDADE FEDERAL DE UBERLÂNDIA,ACTELABY,Inst T&M   -  Instrumentaçäo de Teste e Mediçäo,saude_digital
0.3014059580689814,0.011231865871201271,0.5286804782560286,0.1,0,0,1,1,10.0,PI0701953   ,2007,Universidade Estadual de Campinas - Unicamp,SISTEMA PORTÁTIL DE MEDIÇÃO DE SO2 LIVRE E TOTAL EM BEBIDAS E PROCESSO DE MEDIÇÃO DE SO2 LIVRE E TOTAL EM BEBIDAS,,saude_digital,512017001199,2017,UNIVERSIDADE FEDERAL DE VIÇOSA,A2TECOTRIUSB,Inst T&M   -  Instrumentaçäo de Teste e Mediçäo,saude_digital
0.30136018861379454,0.011231865871201271,0.5274602301629772,0.1,0,0,1,1,10.0,PI0405886   ,2004,EMBRAPA - Empresa Brasileira de Pesquisa Agropecuária,Medidor hidrostático volumétrico de peixes e processo para medição volumétrica de peixes.,,saude_digital,512014000615,2014,UNIVERSIDADE FEDERAL DE PERNAMBUCO - UFPE,SPEECHGRAPHS,Inst T&M   -  Instrumentaçäo de Teste e Mediçäo,saude_digital
0.30119695861788875,0.011160586380129782,0.5274602301629772,0.1,0,0,1,1,6.0,PI0405886   ,2004,EMBRAPA - Empresa Brasileira de Pesquisa Agropecuária,Medidor hidrostático volumétrico de peixes e processo para medição volumétrica de peixes.,,saude_digital,105075,2010,UNIVERSIDADE DE SÃO PAULO,MAGVIEW 2.0,Inst T&M   -  Instrumentaçäo de Teste e Mediçäo,saude_digital
0.3011676304533268,0.9450984897456373,0.05341287820305285,0.0,1,1,0,0,3.0,PI1002028   ,2010,Universidade Federal do Rio Grande - FURG,SOLUÇÃO INDUTORA DA CAPACIDADE DETOXIFICATÓRIA E MÉTODO DE ADMINISTRAÇÃO DE TAL COMPOSIÇÃO,,cidades_inteligentes,512013000131,2013,UNIVERSIDADE FEDERAL DO RIO GRANDE-FURG,MODELO DE SIMULAÇÃO NUMÉRICA TRIDIMENSIONAL DE DINÂMICA DE ÓLEO DERRAMADO EM AMBIENTES MARINHOS - ECOS (EASY COUPLING OIL SYSTEM),Simul & Mod  -  Simulaçäo e Modelagem,geral
0.30081920507266147,0.9364709947030423,0.05478439678394931,0.0,1,1,0,0,8.0,PI0804590   ,2008,UNIVERSIDADE ESTADUAL DE CAMPINAS - UNICAMP,"PROCESSO DE IMOBILIZAÇÃO DE ENZIMA, ENZIMA IMOBILIZADA E PROCESSO DE HIDRÓLISE DE AMIDO",,geral,034430,2000,UNIVERSIDADE ESTADUAL DE CAMPINAS - UNICAMP,MOVIMENTOS DAS PLANTAS,Simul & Mod  -  Simulaçäo e Modelagem,agricultura_inteligente
0.3002108129278958,0.8324050953877802,0.08013736146130401,0.0,1,1,0,0,6.0,PI0902588   ,2009,Universidade Federal de Goiás,ASSOCIAÇÃO DE FUNGOS DE DECOMPOSIÇÃO BRANCA AO PROCESSO DE FILTRAÇÃO LENTA,,geral,512015001186,2015,UNIVERSIDADE FEDERAL DE GOIÁS,SIMCAQ - SIMULADOR DE CUSTO-ALUNO QUALIDADE VERSÃO DESKTOP 1.2,Ferrm Apoio  -  Ferramenta de Apoio Simul & Mod  -  Simulaçäo e Modelagem,educacao_tecnologica
0.3001182349882544,0.20284188084557017,0.5276946537936034,0.09090909090909091,0,0,0,0,7.0,PI0802017   ,2008,Universidade Estadual de Montes Claros,MÁQUINA E PROCESSO DE EMBALAR PRODUTOS A GRANEL,,geral,512015001043,2015,CENTRO FEDERAL DE EDUCAÇÃO TECNOLÓGICA DE MINAS GERAIS,SPHARMA - SISTEMA FARMACÊUTICO DE GERÊNCIA DE PRODUTOS,Gerenc Info  -  Gerenciador de Informaçöes,saude_digital
0.2998978324203537,0.40651966317770205,0.26863237617750246,0.0625,0,0,0,0,10.0,PI0002329   ,2000,Universidade Estadual de Campinas - UNICAMP,PROCESSO DE TRATAMENTO DE EFLUENTE PAPELEIRO KRAFT E1 PELO SISTEMA DE ENZIMA-MEDIADOR: LACASE-HIDROXAMATOS.,,geral,113350,2010,UNIVERSIDADE ESTADUAL PAULISTA JÚLIO DE MESQUITA FILHO - UNESP,ANA-DOS,"Org Man Arq  -  Organizaçäo, Tratamento, Manutençäo de Arquivos",geral
0.29908626991142123,0.010241063417256899,0.5286804782560286,0.1,0,0,1,1,7.0,PI0701953   ,2007,Universidade Estadual de Campinas - Unicamp,SISTEMA PORTÁTIL DE MEDIÇÃO DE SO2 LIVRE E TOTAL EM BEBIDAS E PROCESSO DE MEDIÇÃO DE SO2 LIVRE E TOTAL EM BEBIDAS,,saude_digital,512014000615,2014,UNIVERSIDADE FEDERAL DE PERNAMBUCO - UFPE,SPEECHGRAPHS,Inst T&M   -  Instrumentaçäo de Teste e Mediçäo,saude_digital
0.2990425657978244,0.010241063417256899,0.5274602301629772,0.1,0,0,1,1,8.0,PI0405886   ,2004,EMBRAPA - Empresa Brasileira de Pesquisa Agropecuária,Medidor hidrostático volumétrico de peixes e processo para medição volumétrica de peixes.,,saude_digital,136061,2012,UNIVERSIDADE ESTADUAL DE CAMPINAS - UNICAMP,IVSMB,Inst T&M   -  Instrumentaçäo de Teste e Mediçäo,saude_digital
0.29892523945774074,0.02628407266162176,0.6627438733230496,0.058823529411764705,0,0,1,1,15.0,PI0605889   ,2006,Universidade Federal de Ouro Preto,ANTÍGENO SOLÚVEL APLICADO AO DIAGNÓSTICO SOROLÓGICO DA LEISHMANIOSE VISCERAL CANINA ATRAVÉS DA REAÇÃO IMUNOENZIMÁTICA (ELISA),,saude_digital,512021002272,2021,UNIVERSIDADE FEDERAL DE JUIZ DE FORA - UFJF,Diagnóstico e Atlas de Patologia Oral,APLICATIVO -  APLICATIVOS,saude_digital
0.29881475934821783,0.43410063579000696,0.29577782439778066,0.043478260869565216,0,0,0,0,8.0,PI0802347   ,2008,Universidade de São Paulo -USP,DISPOSIÇÃO MODULAR INTERCOMUNICANTE PARA ESTUDOS COMPORTAMENTAIS EM ANIMAIS,,geral,512016000418,2016,UNIVERSIDADE ESTADUAL PAULISTA JÚLIO DE MESQUITA FILHO - UNESP,RR RESPIRATORY RATE - FREQUÊNCIA RESPIRATÓRIA DE ANIMAIS DE GRANDE PORTE  EM CONDIÇÕES DE CAMPO,Aplc Tcn Ct  -  Aplicaçöes Técnico-Científicas Interf E&S -  Interface de Entrada e Saída,geral
0.29872519954259324,0.0004017960417680417,0.5908075112225569,0.14285714285714285,0,0,1,1,13.0,PI0705152   ,2007,Universidade Federal de Minas Gerais,MEDIÇÃO DO TEMPERAMENTO ANIMAL,,saude_digital,512020001735,2020,FUNDAÇÃO UNIVERSIDADE DE BRASILIA,HIGROTERM v0.4,Inst T&M   -  Instrumentaçäo de Teste e Mediçäo,saude_digital
0.29871827946832546,0.0004017960417680417,0.5897887118378488,0.14285714285714285,0,0,1,1,14.0,PI0705152   ,2007,Universidade Federal de Minas Gerais,MEDIÇÃO DO TEMPERAMENTO ANIMAL,,saude_digital,512021002256,2021,UNIVERSIDADE FEDERAL DE CAMPINA GRANDE - PB,Compose-RT,Inst T&M   -  Instrumentaçäo de Teste e Mediçäo,saude_digital
0.29871827946832546,0.0004017960417680417,0.5897887118378488,0.14285714285714285,0,0,1,1,13.0,PI0705152   ,2007,Universidade Federal de Minas Gerais,MEDIÇÃO DO TEMPERAMENTO ANIMAL,,saude_digital,512020000531,2020,UNIVERSIDADE TECNOLOGICA FEDERAL DO PARANA,hRocket,Inst T&M   -  Instrumentaçäo de Teste e Mediçäo,saude_digital
0.29825110810113775,0.0004017960417680417,0.5226162114205217,0.14285714285714285,0,0,1,1,17.0,PI0602414   ,2006,Universidade Estadual de Campinas - UNICAMP,MANÔMETRO DE PEQUENA ESCALA PARA AVALIAÇÃO DE INDICADORES DO TÔNUS MUSCULAR DE RECÉM-NASCIDOS,,educacao_tecnologica,512023000444,2023,UNIFEI - UNIVERSIDADE FEDERAL DE ITAJUBÁ,"SAID-pch, Sistema de Avaliação por Indicadores de Desempenho",Aval Desemp  -  Avaliaçäo de Desempenho,educacao_tecnologica
0.298176726473197,0.0004017960417680417,0.5122133361603358,0.14285714285714285,0,0,1,1,14.0,PI0602793   ,2006,Universidade Federal do Rio Grande do Sul,PROCESSO IN VITRO PARA DIAGNÓSTICO CARIOTÍPICO E KIT PARA DIAGNÓSTICO CARIOTÍPICO IN VITRO,,saude_digital,512020001093,2020,UNIVERSIDADE FEDERAL DO RIO GRANDE DO NORTE,Faça o Diagnóstico,APLICATIVO -  APLICATIVOS,saude_digital
0.2975457986721701,0.027251952517297062,0.6626112620064069,0.05555555555555555,0,0,1,1,2.0,PI0605889   ,2006,Universidade Federal de Ouro Preto,ANTÍGENO SOLÚVEL APLICADO AO DIAGNÓSTICO SOROLÓGICO DA LEISHMANIOSE VISCERAL CANINA ATRAVÉS DA REAÇÃO IMUNOENZIMÁTICA (ELISA),,saude_digital,092273,2008,UNIVERSIDADE ESTADUAL PAULISTA JÚLIO DE MESQUITA FILHO UNESP,SISDTM - SISTEMA PARA DIAGNÓSTICO DAS DISFUNÇÕES TEMPOROMANDIBULARES (DTM),APLICATIVO -  APLICATIVOS,saude_digital
0.2972677477148672,0.951964715408803,0.04570735975660922,0.0,1,1,0,0,4.0,PI1000444   ,2010,UNIVERSIDADE DE SÂO PAULO - USP,SISTEMA DE DESENVOLVIMENTO DE ALTERAÇÕES POSITIVAS OU NEGATIVAS DE PRESSÃO COM CÂMARAS HIPERBÁRICAS E HIPOBÁRICAS SIMULTÂNEAS PARA HUMANOS OU ANIMAIS DE DIVERSOS TAMANHOS E RESPECTIVO PROCESSO DE OPERAÇÃO,,geral,512014000210,2014,UNIVERSIDADE DE SÃO PAULO- USP,"""FRACTUS 2D - CÁLCULO NUMÉRICO DE PARÂMETROS DE MECÂNICA DA FRATURA EM COMPONENTES ESTRUTURAIS 2D CONTENDO TRINCAS""",Aplc Tcn Ct  -  Aplicaçöes Técnico-Científicas,geral
0.29723072538808676,0.05788124167682503,0.18352635339163736,0.08333333333333333,0,1,0,1,13.0,PI0405418   ,2004,Universidade Federal do Rio Grande do Sul - UFRGS,USO DE DERIVADOS N-FENILPERAZÍNICOS E COMPOSIÇÕES FARMACÊUTICAS CONTENDO OS MESMOS,,saude_digital,512017000592,2017,UNIVERSIDADE FEDERAL DO RIO GRANDE DO SUL-UFRGS,ÁLCOOL - AVALIAÇÃO DE USO PREJUDICIAL,APLICATIVO -  APLICATIVOS,educacao_tecnologica
0.29599224454879064,0.050262410883450535,0.27181058375088796,0.05555555555555555,0,0,1,1,21.0,PI0101629   ,2001,Universidade de São Paulo - USP,Célula solar modulável,,energia,512022000631,2022,UNIVERSIDADE ESTADUAL PAULISTA JULIO DE MESQUITA FILHO,Algoritmo para dimensionar coletor solar cilindro-parabólico,CASE   -  Computer Aided Softw Engineering Interf E&S -  Interface de Entrada e Saída Terminais  -  Terminais,energia
0.29592332240893593,0.951964715408803,0.043595480188503344,0.0,1,1,0,0,4.0,PI0900259   ,2009,UNIVERSIDADE ESTADUAL DE CAMPINAS - UNICAMP,PROCESSO PARA DETECÇÃO DE FALHAS EM SISTEMAS MECÂNICOS E ESTRUTURAIS USANDO FILTROS DISCRETOS,,geral,512013001017,2013,UNIVERSIDADE ESTADUAL DE CAMPINAS - UNICAMP,CPQD2460 - SOFTWARE PARA A SIMULAÇÃO DAS EMISSÕES ELETROMAGNÉTICAS DE TERMINAIS MÓVEIS CELULARES E OUTRAS FONTES DE RADIAÇÃO - V.1.0,Desv c/Metd  -  Aplicativos Desenvolv. Sist. de acordo com determ. Metodologia Simul & Mod  -  Simulaçäo e Modelagem Simulador  -  Simulador Vôo/Carro/Submarino/...,geral
0.29522882677719287,0.010241063417256899,0.8752530409586579,0.08333333333333333,0,0,1,1,8.0,PI0913255   ,2009,Serviço Nacional de Aprendizagem Industrial do Paraná - SENAI/PR,PROCESSO CONSTRUTIVO PARA ARQUITETURA DE ESTOFADOS COM DESENHO INDUSTRIAL AGREGADO,,industria_4_0,512017000359,2017,UNIVERSIDADE FEDERAL DA PARAÍBA,SUPERVISÓRIO LABVIEW 2017,Atm Indust -  Automaçäo Industrial,industria_4_0
0.2949000960521078,0.011160586380129782,0.5787799969879925,0.09090909090909091,0,0,1,1,6.0,PI0205548   ,2002,Universidade Estadual Paulista Julio de Mesquita Filho,DISPOSITIVO LÚDICO PARA ENSINO SOBRE RECICLAGEM E MANUTENÇÃO DO MEIO AMBIENTE,,educacao_tecnologica,091434,2008,UNIVERSIDADE FEDERAL DE SANTA MARIA - UFSM,SIE - SISTEMA DE INFORMAÇÕES PARA O ENSINO,APLICATIVO -  APLICATIVOS,educacao_tecnologica
0.29486009367632193,0.010241063417256899,0.8626538040672193,0.08333333333333333,0,0,1,1,8.0,PI0913255   ,2009,Serviço Nacional de Aprendizagem Industrial do Paraná - SENAI/PR,PROCESSO CONSTRUTIVO PARA ARQUITETURA DE ESTOFADOS COM DESENHO INDUSTRIAL AGREGADO,,industria_4_0,512017000461,2017,UNIVERSIDADE FEDERAL DA PARAÍBA,MG SISTEMAS INTELIGENTES DE IMPULSÃO,Atm Indust -  Automaçäo Industrial,industria_4_0
0.29455621071178156,0.011565955403421096,0.34327482973948764,0.1,0,0,1,1,2.0,PI1004434   ,2010,Fundação Universidade Federal do Vale do São Francisco - UNIVASF,SISTEMA AUTOMÁTICO DE CONTROLE DE ILUMINAÇÃO,,industria_4_0,131352,2012,FUNDAÇÃO UNIVERSIDADE FEDERAL DE MATO GROSSO DO SUL,SIDAT - SISTEMA INTEGRADO  DE DISGNÓSTICO AUTOMÁTICO EM TRANSFORMADORES,APLICATIVO -  APLICATIVOS Controle   -  Controle Planejament  -  Planejamento,industria_4_0
0.2943351725751614,0.016334533689452972,0.8288404993419987,0.06666666666666667,0,0,1,1,6.0,PI0913255   ,2009,Serviço Nacional de Aprendizagem Industrial do Paraná - SENAI/PR,PROCESSO CONSTRUTIVO PARA ARQUITETURA DE ESTOFADOS COM DESENHO INDUSTRIAL AGREGADO,,industria_4_0,512015000831,2015,CENTRO FEDERAL DE EDUCAÇÃO TECNOLÓGICA DE MINAS GERAIS,IVAL - SISTEMA DE INSPEÇÃO VISUAL AUTOMÁTICA DE AÇOS LAMINADOS,Atm Indust -  Automaçäo Industrial,industria_4_0
0.2934450714718696,0.934860743826361,0.043328791868156635,0.0,1,1,0,0,10.0,PI0902410   ,2009,UNIVERSIDADE ESTADUAL DE CAMPINAS - UNICAMP,PROCESSO DE FABRICAÇÃO DE MEMBRANA COLAGÊNICA BIOCOMPATÍVEL PARA APLICAÇÃO MÉDICO-ODONTOLÓGICA E PRODUTO OBTIDO,,saude_digital,512019002149,2019,UNIVERSIDADE ESTADUAL DE CAMPINAS - UNICAMP,Biorefinery design,Simul & Mod  -  Simulaçäo e Modelagem,geral
0.2927405669470657,0.9443123326541165,0.04022445035769506,0.0,1,1,0,0,4.0,PI1003905   ,2010,Universidade Federal da Bahia,MÉTODO PARA MONITORAR DEGRADAÇÃO ESTRUTURAL E FALHAS EM MATERIAIS E DISPOSITIVO SENSOR,,industria_4_0,512014001314,2014,UNIVERSIDADE FEDERAL DA BAHIA,"ARTHRON CULT - SISTEMA DE GERENCIAMENTO E TRANSMISSÃO DE FLUXOS MULTIMÍDIAS EM REDE (STREAMING) APLICADO À ARTE, CULTURA E TECNOLOGIA",Ferrm Apoio  -  Ferramenta de Apoio,geral
0.2924319820139565,0.9492518258608271,0.03872024827305942,0.0,1,1,0,0,5.0,PI0900869   ,2009,UNIVERSIDADE ESTADUAL DE CAMPINAS - UNICAMP,Processo de desacidificação de óleos e gorduras por extração líquido-líquido e processo de purificação de biodiesel e de tratamento do reagente alcoólico,,geral,512014001049,2014,UNIVERSIDADE ESTADUAL DE CAMPINAS - UNICAMP,TAXI SHARING,APLICATIVO -  APLICATIVOS Intlg Artf -  Inteligência Artificial,geral
0.2921611530309093,0.053584730606456174,0.3303924811373715,0.041666666666666664,0,0,1,1,14.0,PI0504441   ,2005,Fundação Oswaldo Cruz - FIOCRUZ,"VETORES DE EXPRESSÃO PLASMIDIAL CONTENDO REGIÕES ESPECÍFICAS PARA  A EXPRESSÃO DE PROTEÍNAS OU EPÍTOPOS RECOMBINANTES DE ROTAVÍRUS E ASTROVÍRUS, PROCESSO DE PRODUÇÃO DOS INSUMOS PARA GERAÇÃO DE IMUNOBIOLÓGICOS PARA DIAGNÓSTICO",,saude_digital,512019000054,2019,UNIVERSIDADE DO ESTADO DO RIO DE JANEIRO,Desenvolvimento de Aplicativo para automatização do cálculo da pontuação para o Diagnóstico da Tuberculose na Criança.,APLICATIVO -  APLICATIVOS,saude_digital
0.2914726787347933,0.9565457247121939,0.035756146747627615,0.0,1,1,0,0,9.0,PI0500983   ,2005,Universidade de São Paulo - USP,INSTRUMENTO CIRÚRGICO PARA CRICOTIREOIDOSTOMIA,,geral,512014000519,2014,UNIVERSIDADE DE SÃO PAULO- USP,"""SISTEMA DOCUMENTAL INFORMATIZADO, DO MUSEU PAULISTA/USP""",APLICATIVO -  APLICATIVOS,geral
0.29124182812861266,0.30031414388356226,0.4555810236432192,0.0,1,1,0,0,8.0,PI0501652   ,2005,Universidade Estadual de Campinas - UNICAMP,REAGENTE PARA A DESTRUIÇÃO IN-SITU E EX-SITU DE CONTAMINANTES AMBIENTAIS,,geral,512013000216,2013,UNIVERSIDADE ESTADUAL DE CAMPINAS - UNICAMP,READ IN WEB,APLICATIVO -  APLICATIVOS Gerenc Info  -  Gerenciador de Informaçöes,educacao_tecnologica
0.2909387366550343,0.1450670421862743,0.03601620727757482,0.058823529411764705,0,1,0,1,11.0,PI0003424   ,2000,Universidade Estadual de Campinas - UNICAMP,PROCESSOS ELETROQUÍMICOS PARA O TRATAMENTO DE EFLUENTES AQUOSOS CONTENDO METAIS PESADOS.,,geral,126312,2011,UNIVERSIDADE ESTADUAL DE CAMPINAS - UNICAMP,CDPGIRB,Atm Indust -  Automaçäo Industrial Contr Proc -  Controle de Processos Instrument -  Instrumentaçäo,industria_4_0
0.2906533811972933,0.1395543094215275,0.05465220081769928,0.05555555555555555,0,1,0,1,15.0,PI0505860   ,2005,Universidade Federal do Rio Grande do Sul,"DISPOSITIVO PARA A DIGITALIZAÇÃO DE ESTRUTURAS DENTÁRIAS, MÉTODO PARA A LEITURA DE DADOS TRIDIMENSIONAIS DE UMA ESTRUTURA DENTÁRIA E KIT UTILIZADO EM SCANNER DE BOCA",,geral,512020002761,2020,UNIVERSIDADE FEDERAL DO RIO GRANDE DO SUL,Dados reais em mundos virtuais,Pré-Proces -  Pré-Processador,geral
0.290646487944588,0.04040465817371607,0.25580109867534717,0.08333333333333333,0,1,0,1,15.0,PI0402854   ,2004,Universidade Federal do Paraná,"TRATAMENTO E ESTUDO DO MELANOMA COM A UTILIZAÇÃO DOS COMPOSTOS 1,3,4-TIADIAZOIS MESOIÔNICOS",,geral,512019002538,2019,UNIVERSIDADE FEDERAL DO PARANA,AVALIA TIS - TRATAMENTO CLÍNICO,APLICATIVO -  APLICATIVOS,saude_digital
0.29048650741916,0.9442274094238291,0.03674170308213054,0.0,1,1,0,0,7.0,PI0705580   ,2007,UNIVERSIDADE FEDERAL DO PARANÁ,FERTILIZANTE DE LIBERAÇÃO LENTA DE NITROGÊNIO PREPARADO COM ARGILOMINERAIS DA FAMÍLIA DO CAULIM INTERCALADOS COM URÉIA E DISPERSOS EM POLÍMEROS BIODEGRADÁVEIS,,agricultura_inteligente,512014001121,2014,UNIVERSIDADE FEDERAL DO PARANÁ,J TRIMMER,Aplc Tcn Ct  -  Aplicaçöes Técnico-Científicas Utilitários  -  Utilitários,geral
0.29043167752558685,0.0004550512269246682,0.5399371631605878,0.2857142857142857,0,0,0,1,10.0,PI0804286   ,2008,Universidade Federal Rural de Pernambuco,MICROASPERSOR PARA SISTEMAS DE IRRIGAÇÃO,,agricultura_inteligente,512018051750,2018,"INSTITUTO FEDERAL DE EDUCAÇÃO, CIÊNCIA E TECNOLOGIA GOIANO",Software para controle e gerenciamento de sistemas hidráulicos de irrigação paisagística,Automaçäo  -  Automaçäo,industria_4_0
0.2903882801595744,0.0004017960417680417,0.6257434361991037,0.2222222222222222,0,0,0,1,15.0,PI0300834   ,2003,UNIVERSIDADE ESTADUAL DE CAMPINAS - UNICAMP,Detector analógico de borda de imagem em video,,geral,512018052002,2018,FUNDAÇÃO UNIVERSIDADE DE BRASILIA,Space Change Detector,Proc Imagem  -  Processamento de Imagem,geral
0.29030074431308905,0.9558325368454073,0.034107202433924955,0.0,1,1,0,0,7.0,PI0701955   ,2007,Universidade de São Paulo - USP,APLICADOR DE CARGA PARA ENSAIOS DE COMPRESSÃO,,geral,512014000519,2014,UNIVERSIDADE DE SÃO PAULO- USP,"""SISTEMA DOCUMENTAL INFORMATIZADO, DO MUSEU PAULISTA/USP""",APLICATIVO -  APLICATIVOS,geral
0.2897081829313938,0.9383686225445904,0.03674170308213054,0.0,1,1,0,0,10.0,PI0705580   ,2007,UNIVERSIDADE FEDERAL DO PARANÁ,FERTILIZANTE DE LIBERAÇÃO LENTA DE NITROGÊNIO PREPARADO COM ARGILOMINERAIS DA FAMÍLIA DO CAULIM INTERCALADOS COM URÉIA E DISPERSOS EM POLÍMEROS BIODEGRADÁVEIS,,agricultura_inteligente,512017000646,2017,UNIVERSIDADE FEDERAL DO PARANÁ,RAFTS3GROUPS,Aplc Tcn Ct  -  Aplicaçöes Técnico-Científicas Utilitários  -  Utilitários,geral
0.28911990084160966,0.6210553328543331,0.1470174856215437,0.038461538461538464,0,0,0,0,9.0,PI0803354   ,2008,Instituto Nacional de Tecnologia,PROCESSO PARA O PRÉ-TRATAMENTO DE BIOMASSA LIGNOCELULÓSICA,,geral,512017001026,2017,UNIVERSIDADE FEDERAL RURAL DO RIO DE JANEIRO,CERTIFICA@PET,"APLICATIVO -  APLICATIVOS Aplc Tcn Ct  -  Aplicaçöes Técnico-Científicas Ferrm Apoio  -  Ferramenta de Apoio Gerenc Info  -  Gerenciador de Informaçöes Org Man Arq  -  Organizaçäo, Tratamento, Manutençäo de Arquivos",geral
0.2889242563729403,0.4561153104052318,0.22322476260810742,0.05,0,0,0,0,4.0,PI0505714   ,2005,Universidade Estadual de Campinas - UNICAMP,PROCESSO DE OBTENÇÃO DE COMPOSIÇÃO FITOTERÁPICA ANTINEOPLÁSICA A BASE DE EXTRATO VEGETAL DE BIDENS ALBA E COMPOSIÇÃO FITOTERÁPICA ANTINEOPLÁSICA  A BASE DE EXTRATO VEGETAL DE BIDENS ALBA,,geral,099393,2009,UNIVERSIDADE DE SÃO PAULO,BASE DE IMAGENS MAMOGRAFICAS ONLINE PARA AUXILIO NO DESENVOLVIMENTO E AVALIAÇÃO DE CAD,Gerenc BD  -  Gerenciador de Banco de Dados,educacao_tecnologica
0.2888441447463142,0.9383686225445904,0.035404047094854785,0.0,1,1,0,0,10.0,PI0701953   ,2007,Universidade Estadual de Campinas - Unicamp,SISTEMA PORTÁTIL DE MEDIÇÃO DE SO2 LIVRE E TOTAL EM BEBIDAS E PROCESSO DE MEDIÇÃO DE SO2 LIVRE E TOTAL EM BEBIDAS,,saude_digital,512017000421,2017,UNIVERSIDADE ESTADUAL DE CAMPINAS - UNICAMP,RADITION DAMAGE IN MINERALS - RDM,APLICATIVO -  APLICATIVOS Gerad Gráfc  -  Geradores de Gráficos,geral
0.2883127553730964,0.6235303533315959,0.1332835779789956,0.043478260869565216,0,0,0,0,9.0,PI0702934   ,2007,Universidade Federal do Rio de Janeiro - UFRJ,"MICROESFERAS PARA ABSORÇÃO DE METAIS PESADOS, PROCESSO PARA SUA PREPARAÇÃO, E PROCESSO DE REMOÇÃO DE METAIS PESADOS DE MEIOS AQUOSOS",,geral,512016000977,2016,UNIVERSIDADE DO ESTADO DO RIO DE JANEIRO,HOMOGRAFIA,APLICATIVO -  APLICATIVOS Conv Arq   -  Conversor Meios de Armazenamento Proc Imagem  -  Processamento de Imagem Recnh Padr -  Reconhecimento de Padröes,geral
0.2881124450261413,0.93914327199939,0.034117217863530946,0.0,1,1,0,0,8.0,PI0705152   ,2007,Universidade Federal de Minas Gerais,MEDIÇÃO DO TEMPERAMENTO ANIMAL,,saude_digital,512015001054,2015,UNIVERSIDADE FEDERAL DE MINAS GERAIS,"MENDEL,MD:UMA FERRAMENTA WEB PARA ANÁLISE DE EXOMAS HUMANOS E INVESTIGAÇÃO DE DOENÇAS MENDELIANAS",APLICATIVO -  APLICATIVOS Gerenc BD  -  Gerenciador de Banco de Dados Gerenc Info  -  Gerenciador de Informaçöes Sist Especl  -  Sistemas Especialistas,geral
0.2880755334534757,0.9564416524753538,0.03060690921592868,0.0,1,1,0,0,3.0,PI0002329   ,2000,Universidade Estadual de Campinas - UNICAMP,PROCESSO DE TRATAMENTO DE EFLUENTE PAPELEIRO KRAFT E1 PELO SISTEMA DE ENZIMA-MEDIADOR: LACASE-HIDROXAMATOS.,,geral,050666,2003,UNIVERSIDADE ESTADUAL DE CAMPINAS - UNICAMP,BR BRAILLE,APLICATIVO -  APLICATIVOS Ferrm Apoio  -  Ferramenta de Apoio Proc Imagem  -  Processamento de Imagem Recnh Padr -  Reconhecimento de Padröes,geral
0.28793446870732914,0.9558325368454073,0.030513085806648577,0.0,1,1,0,0,7.0,PI1000296   ,2010,Universidade Tecnológica Federal do Paraná,Método de Resolução de Conflito e Garantia de Determinismo para o Paradigma Orientado a Notificações (PON),,geral,512017000740,2017,UNIVERSIDADE TECNOLÓGICA FEDERAL DO PARANÁ,SISTEMA BOMBEIROS DO PARANÁ,APLICATIVO -  APLICATIVOS Gerenc Info  -  Gerenciador de Informaçöes Interf E&S -  Interface de Entrada e Saída,geral
0.28737002588947674,0.9557658815221473,0.029673810984854554,0.0,1,1,0,0,6.0,PI0801101   ,2008,Universidade de São Paulo - USP,PROCESSO DE OBTENÇÃO DE FARINHA DE BAGAÇO DE UVA E PRODUTO RESULTANTE,,geral,512014000210,2014,UNIVERSIDADE DE SÃO PAULO- USP,"""FRACTUS 2D - CÁLCULO NUMÉRICO DE PARÂMETROS DE MECÂNICA DA FRATURA EM COMPONENTES ESTRUTURAIS 2D CONTENDO TRINCAS""",Aplc Tcn Ct  -  Aplicaçöes Técnico-Científicas,geral
0.2871792179404379,0.011231865871201271,0.7142906280577774,0.07692307692307693,0,0,1,1,10.0,PI0602860   ,2006,Fundação Universidade Regional de Blumenau,TRANSDUTOR DE IMPEDÂNCIA PARA LOCALIZAÇÃO DE FALTAS EM SISTEMA DE ENERGIA E MÉTODO DE LOCALIZAÇÃO DE PONTOS DE DEFEITOS EM SISTEMA DE ENERGIA,,energia,512016000301,2016,UNIVERSIDADE FEDERAL DO RIO GRANDE DO SUL-UFRGS,SIEOLICA - SISTEMA DE INFORMAÇÕES PARA GERAÇÃO DE ENERGIA EÓLICA,APLICATIVO -  APLICATIVOS,energia
0.28677005188684257,0.9566405139172677,0.028600202471973035,0.0,1,1,0,0,8.0,PI0705535   ,2007,UNIVERSIDADE FEDERAL DE MINAS GERAIS,"SEQÜÊNCIAS GENETICAMENTE MODIFICADAS DOS ANTÍGENOS TS E ASP-2 DE TRYPANOSOMA CRUZI, CONSTRUCTOS GENÉTICOS QUE CONTÉM TS OU ASP-2 E ADENOVÍRUS GENETICAMENTE MODIFICADOS QUE CODIFICAM TS OU ASP-2",,geral,512015001054,2015,UNIVERSIDADE FEDERAL DE MINAS GERAIS,"MENDEL,MD:UMA FERRAMENTA WEB PARA ANÁLISE DE EXOMAS HUMANOS E INVESTIGAÇÃO DE DOENÇAS MENDELIANAS",APLICATIVO -  APLICATIVOS Gerenc BD  -  Gerenciador de Banco de Dados Gerenc Info  -  Gerenciador de Informaçöes Sist Especl  -  Sistemas Especialistas,geral
0.2866314463199635,0.9566405139172677,0.028391894160453623,0.0,1,1,0,0,8.0,PI0802940   ,2008,Universidade Federal do Paraná,MICROPOSICIONADOR COM SEIS GRAUS DE LIBERDADE,,geral,512016001260,2016,UNIVERSIDADE FEDERAL DO PARANÁ,ORÇA RAPIDO,Ferrm Apoio  -  Ferramenta de Apoio Gerenc Info  -  Gerenciador de Informaçöes Simul & Mod  -  Simulaçäo e Modelagem,geral
0.286581154141778,0.0038253084308768094,0.86246277721479,0.16666666666666666,0,0,0,1,9.0,PI0804392   ,2008,UNIVERSIDADE ESTADUAL DE CAMPINAS - UNICAMP,PROCESSO DE DESIDRATAÇÃO DE COMPOSTOS ORGÂNICOS E PRODUTOS COMPREENDENDO COMPOSTO ORGÂNICO DESIDRATADO,,geral,512017000205,2017,UNIVERSIDADE ESTADUAL DE PONTA GROSSA,ECORASTRO - SISTEMA PARA RASTREABILIDADE DE PRODUTOS ORGÂNICOS,APLICATIVO -  APLICATIVOS,geral
0.2865696880276019,0.9442274094238291,0.0307336098237867,0.0,1,1,0,0,7.0,PI0600732   ,2006,Universidade Federal do Paraná,AGLOMERAÇÃO DE MATERIAIS PARTICULADOS POR MOAGEM DE ALTA ENERGIA EMPREGANDO-SE COMPOSTOS ORGÂNICOS A BASE DE ÁCIDO ESTEÁRICO E/OU ESTEARATOS VISANDO A OBTENÇÃO DE AGLOMERADOS DE PARTÍCULAS DE PÓS FINOS DE ELEVADA ESCOABILIDADE E COMPRESSIBILIDADE E COMPACTADOS SINTERIZADOS DE ELEVADA POROSIDADE,,energia,512013000477,2013,UNIVERSIDADE FEDERAL DO PARANÁ,RUPTURA E PRESSÃO DE FLUIDOS,APLICATIVO -  APLICATIVOS Aplc Tcn Ct  -  Aplicaçöes Técnico-Científicas Com Dados  -  Comunicaçäo de Dados Ent Val Dad  -  Entrada e Validaçäo da Dados Ferrm Apoio  -  Ferramenta de Apoio,geral
0.2865659641373338,0.9552809187827538,0.028557077002218878,0.0,1,1,0,0,5.0,PI0605707   ,2006,UNIVERSIDADE ESTADUAL DE CAMPINAS - UNICAMP,DISPOSITIVO VERTICAL PARA AUXILIAR DIVERSAS MODALIDADES ESPORTIVAS,,geral,038540,2001,UNIVERSIDADE ESTADUAL DE CAMPINAS - UNICAMP,SINALIZAÇÃO HORMONAL VIA AMPC,Simul & Mod  -  Simulaçäo e Modelagem,geral
0.28616679841803067,0.9565457247121939,0.02771272630750865,0.0,1,1,0,0,9.0,PI0901585   ,2009,Universidade Federal do Paraná,"MATERIAL SORVENTE PARA PETRÓLEO, DERIVADOS, ÓLEOS VEGETAIS OU MINERAIS COMPOSTO À BASE DE PELO DE CACHORRO",,geral,512018000215,2018,UNIVERSIDADE FEDERAL DO PARANA,RE {SYS} CLA,APLICATIVO -  APLICATIVOS,geral
0.28612821842275393,0.009840886057393796,0.42447332349573696,0.09090909090909091,0,0,1,1,9.0,PI0501389   ,2005,UNIVERSIDADE DE SÃO PAULO - USP,APARELHO ELETROMAGNÉTICO DE POSICIONAMENTO LINEAR COM DINAMOMETRIA E RESPECTIVO MÉTODO DE MEDIÇÃO,,saude_digital,512014000615,2014,UNIVERSIDADE FEDERAL DE PERNAMBUCO - UFPE,SPEECHGRAPHS,Inst T&M   -  Instrumentaçäo de Teste e Mediçäo,saude_digital
0.28520274310319366,0.9558325368454073,0.02640634522849883,0.0,1,1,0,0,7.0,MU8300454   ,2003,Universidade Estadual de Campinas - UNICAMP,DISPOSITIVO PARA TRATAMENTO DE COLMOS DE BAMBU SOB PRESSÃO.,,geral,112154,2010,UNIVERSIDADE ESTADUAL DE CAMPINAS - UNICAMP,MDL - CF SPAM FILTER,Class/Inter  -  Classificador / Intercalador Intlg Artf -  Inteligência Artificial Recnh Padr -  Reconhecimento de Padröes Sist Especl  -  Sistemas Especialistas,geral
0.28513769890851337,0.9564416524753538,0.026192447013839715,0.0,1,1,0,0,3.0,PI0804889   ,2008,UNIVERSIDADE ESTADUAL DE CAMPINAS - UNICAMP,PROCESSO DE PRODUÇÃO DE CONJUGADOS DE INTERFERON COM ÓXIDOS DE POLIALQUILENOS E SEUS USOS,,geral,067453,2005,UNIVERSIDADE ESTADUAL DE CAMPINAS - UNICAMP,LEPTINA & INSULINA RELAÇÃO NA OBESIDADE,APLICATIVO -  APLICATIVOS Ferrm Apoio  -  Ferramenta de Apoio Interf Com -  Interface de Comunicaçäo Simul & Mod  -  Simulaçäo e Modelagem Utilitários  -  Utilitários,geral
0.28470780279995866,0.9448246526305987,0.027794013867981526,0.0,1,1,0,0,4.0,PI1002028   ,2010,Universidade Federal do Rio Grande - FURG,SOLUÇÃO INDUTORA DA CAPACIDADE DETOXIFICATÓRIA E MÉTODO DE ADMINISTRAÇÃO DE TAL COMPOSIÇÃO,,cidades_inteligentes,512014001163,2014,UNIVERSIDADE FEDERAL DO RIO GRANDE-FURG,SHIPMOVE - SHIP MOVEMENT MODEL,Simul & Mod  -  Simulaçäo e Modelagem,geral
0.2846206267921821,0.38436538303312145,0.4572479139012262,0.0,0,0,0,0,8.0,PI0806649   ,2008,Faculdades Católicas Mantenedora da Pontifícia Universidade Católica do Rio de Janeiro - PUC Rio,CADEIRA DE DENTISTA PORTÁTIL,,geral,512016001440,2016,UNIVERSIDADE DO ESTADO DO RIO DE JANEIRO,MANUAL DO ESTAUDANTE DA UERJ,APLICATIVO -  APLICATIVOS,geral
0.2841250465397919,0.9478831780136119,0.026322387409263293,0.0,1,1,0,0,2.0,PI0804590   ,2008,UNIVERSIDADE ESTADUAL DE CAMPINAS - UNICAMP,"PROCESSO DE IMOBILIZAÇÃO DE ENZIMA, ENZIMA IMOBILIZADA E PROCESSO DE HIDRÓLISE DE AMIDO",,geral,075934,2006,UNIVERSIDADE ESTADUAL DE CAMPINAS - UNICAMP,LAMPOR,Aplc Tcn Ct  -  Aplicaçöes Técnico-Científicas Automaçäo  -  Automaçäo Ferrm Apoio  -  Ferramenta de Apoio Interf E&S -  Interface de Entrada e Saída Proc Imagem  -  Processamento de Imagem,industria_4_0
0.28401881820949165,0.9461497201772906,0.02649834666959272,0.0,1,1,0,0,7.0,PI0605123   ,2006,"Instituto Federal de Educação, Ciência e Tecnologia da Bahia",AMÊNDOAS DE LICURI REVESTIDAS,,geral,512013001207,2013,"INSTITUTO FEDERAL DE EDUCAÇÃO, CIÊNCIA E TECNOLOGIA DA BAHIA",SIERI - SISTEMA DE INFORMAÇÃO DAS EXPOSIÇÕES ÀS RADIAÇÕES IONIZANTES,APLICATIVO -  APLICATIVOS Desv c/Metd  -  Aplicativos Desenvolv. Sist. de acordo com determ. Metodologia Inst Biomd -  Instrumentaçäo Biomédica Inst T&M   -  Instrumentaçäo de Teste e Mediçäo Planejament  -  Planejamento,saude_digital
0.28400315092938005,0.9478831780136119,0.02613947575506248,0.0,1,1,0,0,2.0,PI0705954   ,2007,FUNDAÇÃO UNIVERSIDADE FEDERAL DE SÃO CARLOS,SENSOR DE CONDUTIVIDADE E MÉTODO PARA CONTROLE DO ESCOAMENTO DO BIODIESEL E DE PRODUTOS EM FASE LÍQUIDA DE CONDUTIVIDADES DIVERSAS,,industria_4_0,103062,2009,FUNDAÇÃO UNIVERSIDADE FEDERAL DE SÃO CARLOS,PORTFÓLIO REFLEXIVO ELETRÔNICO VERSÃO 1.0 (PRE V.1.0),Ferrm Apoio  -  Ferramenta de Apoio Gerenc BD  -  Gerenciador de Banco de Dados Gerenc Info  -  Gerenciador de Informaçöes Recup Dados  -  Recuperaçäo de Dados Teleinform -  Teleinformática,geral
0.283709247397608,0.02954948821631827,0.5191766192450121,0.045454545454545456,0,0,1,1,3.0,PI0504441   ,2005,Fundação Oswaldo Cruz - FIOCRUZ,"VETORES DE EXPRESSÃO PLASMIDIAL CONTENDO REGIÕES ESPECÍFICAS PARA  A EXPRESSÃO DE PROTEÍNAS OU EPÍTOPOS RECOMBINANTES DE ROTAVÍRUS E ASTROVÍRUS, PROCESSO DE PRODUÇÃO DOS INSUMOS PARA GERAÇÃO DE IMUNOBIOLÓGICOS PARA DIAGNÓSTICO",,saude_digital,092273,2008,UNIVERSIDADE ESTADUAL PAULISTA JÚLIO DE MESQUITA FILHO UNESP,SISDTM - SISTEMA PARA DIAGNÓSTICO DAS DISFUNÇÕES TEMPOROMANDIBULARES (DTM),APLICATIVO -  APLICATIVOS,saude_digital
0.28325579979603127,0.531461000556628,0.283021104977744,0.0,0,0,0,0,4.0,PI0900283   ,2009,UNIVERSIDADE DE SÃO PAULO - USP,SISTEMA DE AMORTECIMENTO DE ROLAGEM E TORÇÃO DE SUSPENSÃO DE VEÍCULO,,geral,512013000350,2013,FACULDADE DE TECNOLOGIA DE JUNDIAÍ - CENTRO PAULA SOUZA,SISTEMA DE GERENCIAMENTO DO LIVRO PONTO DA FATEC JUNDIÁI,Gerenc Info  -  Gerenciador de Informaçöes,geral
0.2832430433826617,0.9566135007182069,0.023341003460457976,0.0,1,1,0,0,9.0,PI0701707   ,2007,Universidade Estadual de Campinas - Unicamp,"Processo de enriquecimento de piperonal pelo uso de carvão ativado, e, mistura rica em piperonal",,geral,512016000861,2016,UNIVERSIDADE ESTADUAL DE CAMPINAS - UNICAMP,E-HOUSE,APLICATIVO -  APLICATIVOS,geral
0.28321972050141697,0.9410655827528513,0.026283504190424578,0.0,1,1,0,0,8.0,PI1000296   ,2010,Universidade Tecnológica Federal do Paraná,Método de Resolução de Conflito e Garantia de Determinismo para o Paradigma Orientado a Notificações (PON),,geral,512018000387,2018,UNIVERSIDADE TECNOLOGICA FEDERAL DO PARANA,RegrasFusao,"Apoio Progm  -  Apoio à Programaçäo Bib Rotinas  -  Bibliotecas de Rotinas (""Libraries"") Intlg Artf -  Inteligência Artificial Proc Imagem  -  Processamento de Imagem Recnh Padr -  Reconhecimento de Padröes Sist Especl  -  Sistemas Especialistas",industria_4_0
0.28306421047563823,0.4424731297333106,0.2163436756503878,0.05,0,0,0,0,3.0,PI1002571   ,2010,UNIVERSIDADE ESTADUAL DE CAMPINAS - UNICAMP,SENSOR ELETROQUÍMICO BASEADO EM MATERIAL CARBONO CERÂMICO PARA DETERMINAÇÃO DE OXIGÊNIO DISSOLVIDO E O PROCESSO PARA OBTENÇÃO DO MESMO,,industria_4_0,512013001061,2013,UNIVERSIDADE ESTADUAL PAULISTA JÚLIO DE MESQUITA FILHO - UNESP,WEBSISLAPAM: SISTEMA DE AVALIAÇÕES DE PESSOAS BASEADO EM TECNOLOGIAS WEB,Gerenc Info  -  Gerenciador de Informaçöes,educacao_tecnologica
0.2826650423803414,0.0004017960417680417,0.5924684175268936,0.125,0,0,1,1,12.0,PI0803439   ,2008,UNIVERSIDADE ESTADUAL DE CAMPINAS - UNICAMP,EQUIPAMENTO E MÉTODO DE MONITORAMENTO E CONTROLE DE PROCESSOS INDUSTRIAIS,,industria_4_0,512020002368,2020,"INSTITUTO FEDERAL DE EDUCAÇÃO, CIÊNCIA E TECNOLOGIA GOIANO",SmartAve - Aplicativo de Monitoramento Avícola,APLICATIVO -  APLICATIVOS Controle   -  Controle,industria_4_0
0.2826468508968969,0.0004017960417680417,0.5897887118378488,0.125,0,0,1,1,12.0,PI0705152   ,2007,Universidade Federal de Minas Gerais,MEDIÇÃO DO TEMPERAMENTO ANIMAL,,saude_digital,512019000155,2019,FUNDAÇÃO UNIVERSIDADE DE BRASILIA,Geometrias substitutas em E.V.,Inst T&M   -  Instrumentaçäo de Teste e Mediçäo,saude_digital
0.2824595110774174,0.5418363496364426,0.27217499714197,0.0,0,0,0,0,3.0,PI0705535   ,2007,UNIVERSIDADE FEDERAL DE MINAS GERAIS,"SEQÜÊNCIAS GENETICAMENTE MODIFICADAS DOS ANTÍGENOS TS E ASP-2 DE TRYPANOSOMA CRUZI, CONSTRUCTOS GENÉTICOS QUE CONTÉM TS OU ASP-2 E ADENOVÍRUS GENETICAMENTE MODIFICADOS QUE CODIFICAM TS OU ASP-2",,geral,112842,2010,UNIVERSIDADE FEDERAL DE VIÇOSA,SISTEMA DE GERENCIAMENTO DO PROCESSO DE SELEÇÃO - STDTECHESL,Gerenc Info  -  Gerenciador de Informaçöes,geral
0.2822942878211514,0.5773373122887098,0.14154464005313216,0.043478260869565216,0,0,0,0,10.0,PI0901141   ,2009,Universidade Federal de Minas Gerais,"NANOCOMPÓSITO DE GESSO COM NANOESTRUTURAS DE CARBONO, SEU MÉTODO DE OBTENÇÃO E USOS RELACIONADOS",,geral,512019002568,2019,UNIFEI - UNIVERSIDADE FEDERAL DE ITAJUBÁ,Algoritmo Neuro-Fuzzy para predição de Tensão Residual em Fibra de Carbono Reforçado com Polímeros e com grau de porosidade,Intlg Artf -  Inteligência Artificial,geral
0.28201218452655524,0.04941721630456507,0.3980577148500223,0.05,0,1,0,1,15.0,PI0506028   ,2005,Universidade Estadual de Campinas - Unicamp,"EQUIPAMENTO MODULAR MULTIPROPÓSITO PARA DESENVOLVIMENTO E REALIZAÇÃO DE PROCESSOS A ALTA PRESSÃO, E USO DE REFERIDO EQUIPAMENTO",,geral,512020000591,2020,UNIVERSIDADE ESTADUAL DE CAMPINAS - UNICAMP,ALLERGENIE®: DESENVOLVIMENTO DE APLICATIVO PARA SMARTPHONE CONTENDO ESCORES CLÍNICOS EM ALERGIA E IMUNOLOGIA PEDIÁTRICA,APLICATIVO -  APLICATIVOS,saude_digital
0.28194212744031044,0.374668427969931,0.2615094535155784,0.05555555555555555,0,0,0,0,3.0,PI0602048   ,2006,Universidade de São Paulo - USP,PROCESSO DE OBTENÇÃO DE PRODUTO A BASE DE FIBRAS VEGETAIS PARA REFORÇO DE COMPÓSITOS E PRODUTO A BASE DE FIBRAS VEGETAIS PARA REFORÇO DE COMPÓSITOS,,geral,099393,2009,UNIVERSIDADE DE SÃO PAULO,BASE DE IMAGENS MAMOGRAFICAS ONLINE PARA AUXILIO NO DESENVOLVIMENTO E AVALIAÇÃO DE CAD,Gerenc BD  -  Gerenciador de Banco de Dados,educacao_tecnologica
0.2819279280210943,0.946212503627821,0.023357179522862315,0.0,1,1,0,0,6.0,PI0805482   ,2008,UNIVERSIDADE ESTADUAL DE CAMPINAS - UNICAMP,"PROCESSO DE PRODUÇÃO DAS LIGAS METÁLICAS Al-Si-Mg-Cu, LIGAS METÁLICAS Al-Si-Mg-Cu OBTIDAS PELO PROCESSO",,geral,042566,2002,UNIVERSIDADE ESTADUAL DE CAMPINAS - UNICAMP,L-STRESS V1.0,Ent Val Dad  -  Entrada e Validaçäo da Dados Gerad Gráfc  -  Geradores de Gráficos Gerad Relat  -  Gerador de Relatórios Inst T&M   -  Instrumentaçäo de Teste e Mediçäo Interf E&S -  Interface de Entrada e Saída,saude_digital
0.28180805360940053,0.957818723354354,0.020996706152876188,0.0,1,1,0,0,1.0,PI0404270   ,2004,Universidade Federal de Minas Gerais,"IMOBILIZADOR E POSICIONADOR DOS ARTELHOS II, III, IV",,geral,050045,2003,UNIVERSIDADE FEDERAL DE MINAS GERAIS,FORMAL PROGRAMA DE ALOCAÇÃO DE FÓRMULAS QUÍMICAS,Aplc Tcn Ct  -  Aplicaçöes Técnico-Científicas,geral
0.28178815993845874,0.008171610084093913,0.41279904797547773,0.09090909090909091,0,0,1,1,10.0,PI0804835   ,2008,Serviço Nacional de Aprendizagem Industrial - SENAI/DR/BA,PROCESSO INDUSTRIAL CONTÍNUO PARA PRODUÇÃO DE POLISSACARÍDEO SOB A FORMA DE CALDO CONCENTRADO BASE ÁGUA,,industria_4_0,512018051830,2018,UNIVERSIDADE FEDERAL DE CAMPINA GRANDE - PB,Solução para alocação de ordens de produção envolvendo a capacidade de linhas de produção e operadores em um ambiente de manufatura,Atm Indust -  Automaçäo Industrial,industria_4_0
0.2814437075511331,0.9400413249206354,0.023814911901783087,0.0,1,1,0,0,7.0,MU8600257   ,2006,Universidade Federal de Minas Gerais,CONTÊINER PARA TRANSPORTE E CONSERVAÇÃO DE IMUNOBIOLÓGICOS,,geral,512013000392,2013,UNIVERSIDADE FEDERAL DE MINAS GERAIS,GESCAD - GESTÃO DO CUIDADO NA REDE DE ATENÇÃO DOMICILIAR,"Ferrm Apoio  -  Ferramenta de Apoio Gerad Relat  -  Gerador de Relatórios Gerenc Info  -  Gerenciador de Informaçöes Inst Biomd -  Instrumentaçäo Biomédica Org Man Arq  -  Organizaçäo, Tratamento, Manutençäo de Arquivos",saude_digital
0.28122581875792496,0.028383741660063893,0.27653369194431443,0.0625,0,0,1,1,6.0,PI0705821   ,2007,COPPE/UFRJ - Coordenação dos Programas de Pós Graduação de Engenharia da Universidade Federal do Rio de Janeiro,"PROCESSO PARA PRODUÇÃO DE POLIANILINAS CONDUTORAS SENSÍVEIS À COMPRESSÃO, MATERIAIS RESULTANTES DO PROCESSO E USO DOS MATERIAIS COMO SENSORES DE PRESSÃO",,industria_4_0,512013001396,2013,FACULDADE DE TECNOLOGIA DE JUNDIAÍ - CENTRO PAULA SOUZA,SISCOPAC - SISTEMA DE CONTROLE DE PRODUÇÃO DE APARELHOS CELULARES,Controle   -  Controle Planejament  -  Planejamento,industria_4_0
0.28116501285587886,0.30372483330998346,0.3782023267628203,0.05,0,0,0,0,10.0,PI1005867   ,2010,Universidade Federal de Minas Gerais,ARMADILHA PARA CAPTURA DE FLEBOTOMÍNEOS E SEU USO,,geral,512020000715,2020,UNIFEI - UNIVERSIDADE FEDERAL DE ITAJUBÁ,Aplicativo de Pesquisa de Opinião para elaboração de Plano Diretor Participativo para uso de coleta de dados por agentes públicos,Gerenc Info  -  Gerenciador de Informaçöes,geral
0.2809381302613388,0.016313057978932864,0.5064253802779242,0.13333333333333333,0,0,0,1,17.0,PI0300834   ,2003,UNIVERSIDADE ESTADUAL DE CAMPINAS - UNICAMP,Detector analógico de borda de imagem em video,,geral,512020000553,2020,UNIVERSIDADE ESTADUAL PAULISTA JULIO DE MESQUITA FILHO,Video Recorder_02,APLICATIVO -  APLICATIVOS Aplc Tcn Ct  -  Aplicaçöes Técnico-Científicas Proc Imagem  -  Processamento de Imagem,geral
0.2807899930075772,0.946292167433519,0.021650553015607255,0.0,1,1,0,0,7.0,MU8600280   ,2006,Fundação Universidade de Brasília,UMIDIFICADOR CAPILAR-EVAPORATIVO PARA AMBIENTES,,geral,512013000485,2013,FUNDAÇÃO UNIVERSIDADE DE BRASÍLIA,ANÁLISE GEOLOCALIZADA DE INTENSIDADE DE SINAL - AGIS,Aval Desemp  -  Avaliaçäo de Desempenho Desv c/Metd  -  Aplicativos Desenvolv. Sist. de acordo com determ. Metodologia Ferrm Apoio  -  Ferramenta de Apoio Gerad Gráfc  -  Geradores de Gráficos Gerad Relat  -  Gerador de Relatórios,educacao_tecnologica
0.2807279071770721,0.948708975194131,0.0211039159615537,0.0,1,1,0,0,1.0,PI0101700   ,2001,Universidade Estadual de Campinas - Unicamp,SINTESE DO POLI(ESTIRENO SULFATO)EM ESCALA PRÉ PILOTO,,geral,034430,2000,UNIVERSIDADE ESTADUAL DE CAMPINAS - UNICAMP,MOVIMENTOS DAS PLANTAS,Simul & Mod  -  Simulaçäo e Modelagem,agricultura_inteligente
0.2807217901036041,0.9462871748780366,0.0215503693725283,0.0,1,1,0,0,6.0,PI0201641   ,2002,Universidade Federal de Santa Catarina - UFSC,SENSOR DE MEDIÇÃO DE FLUXO DE CALOR FABRICADO EM LÂMINA DE SILÍCIO,,saude_digital,091264,2008,UNIVERSIDADE FEDERAL DE SANTA CATARINA-UFSC,CVC - CERÂMICA VERMELHA COMPLETO,Cont Proces  -  Controlador de Processos,geral
0.2807181130017377,0.946292167433519,0.021543976702599665,0.0,1,1,0,0,7.0,PI0902967   ,2009,UNIVERSIDADE ESTADUAL DE CAMPINAS - UNICAMP,"BANDAGEM ADESIVA PARA OBTENÇÃO DE AMOSTRA DE TECIDO MINERALIZADO, PROCESSO DE PREPARO DA MESMA E PROCESSO DE AMOSTRAGEM DE TECIDO MINERALIZADO",,geral,047210,2002,UNIVERSIDADE ESTADUAL DE CAMPINAS - UNICAMP,GUIA PRÁTICO E TEÓRICO DE PARASITAS INTESTINAIS HUMANOS,Aplc Tcn Ct  -  Aplicaçöes Técnico-Científicas Dicion Dad -  Dicionário de Dados Ferrm Apoio  -  Ferramenta de Apoio Inst Biomd -  Instrumentaçäo Biomédica,saude_digital
0.2806078644341153,0.9448891043372141,0.021645279974737752,0.0,1,1,0,0,10.0,PI1001279   ,2010,Fundação Universidade de Brasília,PROCESSO PARA A APLICAÇÃO DE TÉCNICA DE BIOMINERALIZAÇÃO NA MELHORIA DE SOLOS,,agricultura_inteligente,512020002302,2020,FUNDAÇÃO UNIVERSIDADE DE BRASILIA,Luva Tradutora de LIBRAS Inteligente (LuTLI),Inst Biomd -  Instrumentaçäo Biomédica Intlg Artf -  Inteligência Artificial,saude_digital
0.2805449193423524,0.9570131677117321,0.01929132176261894,0.0,1,1,0,0,10.0,PI0900259   ,2009,UNIVERSIDADE ESTADUAL DE CAMPINAS - UNICAMP,PROCESSO PARA DETECÇÃO DE FALHAS EM SISTEMAS MECÂNICOS E ESTRUTURAIS USANDO FILTROS DISCRETOS,,geral,512019002166,2019,UNIVERSIDADE ESTADUAL DE CAMPINAS - UNICAMP,Nano-LEPH-GPU,Simul & Mod  -  Simulaçäo e Modelagem,geral
0.2804579469560473,0.9566881719684224,0.01922375201964388,0.0,1,1,0,0,9.0,PI1005977   ,2010,UNIVERSIDADE FEDERAL DO RIO GRANDE DO SUL,CATALISADORES DE CROMO  E NÍQUEL PARA REAÇÕES DE OLIGOMERIZAÇÃO E PROCESSO PARA A OBTENÇÃO DE ALFA-OLEFINAS USANDO TAIS CATALISADORES,,geral,512019001399,2019,UNIVERSIDADE FEDERAL DO RIO GRANDE DO SUL,LIVROS-INTERATIVOS EM CIÊNCIAS EXATAS,APLICATIVO -  APLICATIVOS,geral
0.28029182829581045,0.9567829611734961,0.018963085293870918,0.0,1,1,0,0,8.0,PI0300834   ,2003,UNIVERSIDADE ESTADUAL DE CAMPINAS - UNICAMP,Detector analógico de borda de imagem em video,,geral,124455,2011,UNIVERSIDADE ESTADUAL DE CAMPINAS - UNICAMP,TIAFT,APLICATIVO -  APLICATIVOS Aplc Tcn Ct  -  Aplicaçöes Técnico-Científicas Desv c/Metd  -  Aplicativos Desenvolv. Sist. de acordo com determ. Metodologia Gerad Gráfc  -  Geradores de Gráficos Gerad Telas  -  Gerador de Telas,geral
0.2802380500957831,0.9567829611734961,0.018884382988004877,0.0,1,1,0,0,8.0,PI0803174   ,2008,Universidade Federal de Santa Catarina,MEMBRANAS COMPÓSITAS DE BLENDA POLIMÉRICA E PROCESSO DE PREPARO DAS MESMAS,,geral,512016001294,2016,UNIVERSIDADE FEDERAL DE SANTA CATARINA,COPA-TRAD: CORPUS PARALELO DE TRADUÇÃO - VERSÃO 2.0,Ferrm Apoio  -  Ferramenta de Apoio Gerenc Info  -  Gerenciador de Informaçöes Recup Dados  -  Recuperaçäo de Dados Utilitários  -  Utilitários,geral
0.28020566415453746,0.9456637537920136,0.020903157935420746,0.0,1,1,0,0,8.0,PI0603870   ,2006,EMBRAPA - EMPRESA BRASILEIRA DE PESQUISA AGROPECUÁRIA,CESTA PARA COLHEITA DE FIGOS,,agricultura_inteligente,512014001585,2014,EMBRAPA - EMPRESA BRASILEIRA DE PESQUISA AGROPECUÁRIA,E-RASTREAR - CADERNO DE CAMPO,Ent Val Dad  -  Entrada e Validaçäo da Dados Gerad Relat  -  Gerador de Relatórios Gerenc BD  -  Gerenciador de Banco de Dados Gerenc Info  -  Gerenciador de Informaçöes,geral
0.2801981945247574,0.37642597720300686,0.2429020687042961,0.058823529411764705,0,0,0,0,3.0,PI0602094   ,2006,Universidade Estadual de Campinas - UNICAMP,COMPOSIÇÃO MEDICAMENTOSA A BASE DE CASEARIA SYLVESTRIS E USO DE COMPOSIÇÃO MEDICAMENTOSA A BASE DE CASEARIA SYLVESTRIS,,saude_digital,099393,2009,UNIVERSIDADE DE SÃO PAULO,BASE DE IMAGENS MAMOGRAFICAS ONLINE PARA AUXILIO NO DESENVOLVIMENTO E AVALIAÇÃO DE CAD,Gerenc BD  -  Gerenciador de Banco de Dados,educacao_tecnologica
0.28002918492137946,0.921812519305844,-0.0038499611574636106,0.0,0,0,1,0,5.0,PI0504056   ,2005,Universidade Estadual de Campinas - UNICAMP,"ALIMENTO FUNCIONAL, COMPOSIÇÃO PROBIÓTICA, COMPOSIÇÃO ALIMENTÍCIA E PROCESSO DE PRODUÇÃO DE ALIMENTO FUNCIONAL FERMENTADO A BASE DE SOJA, CONTENDO AGENTES PROBIÓTICOS E PREBIÓTICOS",,industria_4_0,109480,2010,FACULDADE DE TECNOLOGIA DE JUNDIAÍ - CENTRO PAULA SOUZA,IOBJECTS,Controle   -  Controle Gerad Relat  -  Gerador de Relatórios Gerenc Info  -  Gerenciador de Informaçöes,industria_4_0
0.28,0.0,0.8540312845997513,0.2,0,0,0,1,15.0,PI0705569   ,2007,Centro Federal de Educação Tecnológica de Minas Gerais - CEFET - MG,MÉTODO PARA MEDIÇÃO E MONITORAMENTO,,saude_digital,512022001982,2022,UNIVERSIDADE FEDERAL DO MARANHÃO,Sistema de Monitoramento de TCC,APLICATIVO -  APLICATIVOS,geral
0.28,0.0,0.5280235372463783,0.25,0,0,0,1,15.0,PI0703622   ,2007,Universidade Federal de Santa Catarina - UFSC,MÓDULO DE REFRIGERAÇÃO E SISTEMA DE REFRIGERAÇÃO,,geral,512022001844,2022,UNIVERSIDADE FEDERAL DO RIO GRANDE DO SUL,Módulo da Percolação,Automaçäo  -  Automaçäo,industria_4_0
0.28,0.0,0.5357055607985614,0.2,0,0,0,1,15.0,PI0703622   ,2007,Universidade Federal de Santa Catarina - UFSC,MÓDULO DE REFRIGERAÇÃO E SISTEMA DE REFRIGERAÇÃO,,geral,512022001845,2022,UNIVERSIDADE FEDERAL DO RIO GRANDE DO SUL,Módulo Calibração e Controle de Motores,Automaçäo  -  Automaçäo,industria_4_0
0.2794960356573931,0.9454711319565344,0.01989025152110302,0.0,1,1,0,0,10.0,MU9001240   ,2010,UNIVERSIDADE DE SÃO PAULO - USP,APERFEIÇOAMENTO INTRODUZIDO EM DISPOSITIVO PROVIDO DE ESCALA MILIMÉTRICA PARA MEDIÇÕES FACIAIS E TRATAMENTO REABILITADOR COM PRÓTESE OCULAR,,saude_digital,512020001640,2020,UNIVERSIDADE DE SÃO PAULO - USP,SOFTWARE PARA A IDENTIFICAÇÃO DE VÍTIMAS DE ALAGAMENTOS A PARTIR DE TWEETS PÚBLICOS E DADOS METEOROLÓGICOS,Aplc Tcn Ct  -  Aplicaçöes Técnico-Científicas Class/Inter  -  Classificador / Intercalador Intlg Artf -  Inteligência Artificial Proc Lng Nt  -  Sistemas de Processamento de Linguagem Natural,geral
0.2793355208821959,0.9565840997315822,0.017602461368294464,0.0,1,1,0,0,3.0,MU8403653   ,2004,UNIVERSIDADE ESTADUAL DE CAMPINAS - UNICAMP,CEFALÔMETRO PARA TOMADA DE REGISTROS FACIAIS EM NORMA FRONTAL E LATERAL,,geral,040486,2001,UNIVERSIDADE ESTADUAL DE CAMPINAS - UNICAMP,LÓGICA MULTI-VALORES SÍNTESE,APLICATIVO -  APLICATIVOS Aplc Tcn Ct  -  Aplicaçöes Técnico-Científicas CAE/CAD/CAM  -  CAE/CAD/CAM/CAL/CBT/... Ferrm Apoio  -  Ferramenta de Apoio Ferrm Desnv  -  Ferramentas de Suporte ao Desenvolv. de Sistemas,geral
0.2789605945158798,0.9566881719684224,0.01703728622686962,0.0,1,1,0,0,9.0,PI1000793   ,2010,Fundação Universidade do Amazonas,"MATRIZ CIMENTÍCIA, PROCESSO DE PRODUÇÃO E USO DE SÍLICA GEL COMO POZOLANA E FILLER",,geral,512019002422,2019,FUNDAÇÃO UNIVERSIDADE DO AMAZONAS,SkinGlass,APLICATIVO -  APLICATIVOS,geral
0.27888171294266906,0.9455689645869401,0.018966336205371692,0.0,1,1,0,0,9.0,MU9001240   ,2010,UNIVERSIDADE DE SÃO PAULO - USP,APERFEIÇOAMENTO INTRODUZIDO EM DISPOSITIVO PROVIDO DE ESCALA MILIMÉTRICA PARA MEDIÇÕES FACIAIS E TRATAMENTO REABILITADOR COM PRÓTESE OCULAR,,saude_digital,512019001826,2019,UNIVERSIDADE DE SÃO PAULO - USP,FERRAMENTA PARA A AFERIÇÃO DA SUSCEPTIBILIDADE À PERSUASÃO,APLICATIVO -  APLICATIVOS Entrtmnto  -  Entretenimento,geral
0.2787714940516137,0.9455689645869401,0.018804099261579332,0.0,1,1,0,0,9.0,MU8602562   ,2006,Universidade Estadual do Oeste do Paraná,ELEMENTO DE SUPORTE DE TUBULAÇÃO QUE PERMITE UTILIZAR A IRRADIAÇÃO SOLAR REMASNESCENTE QUE PASSA ABAIXO DA SUPERFÍCIE DE CONTATO HORIZONTAL,,energia,512015001532,2015,UNIVERSIDADE ESTADUAL DO OESTE DO PARANÁ,SITGD,APLICATIVO -  APLICATIVOS Aplc Tcn Ct  -  Aplicaçöes Técnico-Científicas Com Dados  -  Comunicaçäo de Dados Gerenc Info  -  Gerenciador de Informaçöes Seg Prot Dd  -  Segurança e Proteçäo de Dados,geral
0.2787707592533665,0.9462871748780366,0.01866967438756162,0.0,1,1,0,0,6.0,PI0101700   ,2001,Universidade Estadual de Campinas - Unicamp,SINTESE DO POLI(ESTIRENO SULFATO)EM ESCALA PRÉ PILOTO,,geral,085455,2007,UNIVERSIDADE ESTADUAL DE CAMPINAS - UNICAMP,SAD-FIM,Aplc Tcn Ct  -  Aplicaçöes Técnico-Científicas Inst T&M   -  Instrumentaçäo de Teste e Mediçäo Pesq Operac  -  Pesquisa Operacional Proc Imagem  -  Processamento de Imagem Recnh Padr -  Reconhecimento de Padröes,saude_digital
0.27872166038744867,0.03871544453253249,0.4355612550507544,0.16666666666666666,0,1,0,0,15.0,PI0601672   ,2006,Universidade Estadual de Campinas - UNICAMP,USO DAS BANDAS DE HUNTER-SCHREGER DO ESMALTE DENTAL COMO PARÂMETRO BIOMÉTRICO PARA IDENTIFICAÇÃO HUMANA E ANIMAL,,geral,512021002122,2021,UNIVERSIDADE ESTADUAL DE CAMPINAS - UNICAMP,Identificação pessoal por meio da microestrutura do esmalte dental,Proc Imagem  -  Processamento de Imagem,geral
0.2786807502798264,0.946292167433519,0.018536416420972812,0.0,1,1,0,0,7.0,PI0502861   ,2005,UNIVERSIDADE ESTADUAL DE CAMPINAS - UNICAMP,MÉTODO DE QUANTIFICAÇÃO DE ALUMÍNIO EM SÍLICA POR ESPALHAMENTO DE RAIOS-X ALIADO A QUIMIOMETRIA,,geral,137405,2012,UNIVERSIDADE ESTADUAL DE CAMPINAS - UNICAMP,IRISSEG,Cont Acess -  Controle de Acessos Proc Imagem  -  Processamento de Imagem,industria_4_0
0.27857829783501425,0.9559749841016357,0.01661057427814927,0.0,1,1,0,0,7.0,PI0803145   ,2008,FUNDAÇÃO UNIVERSIDADE DE BRASÍLIA,BARRA COM ESFERAS VIRTUAIS E SUA APLICAÇÃO EM TESTES DE DESEMPENHO DE MÁQUINAS DE MEDIR POR COORDENADAS,,geral,512015001518,2015,FUNDAÇÃO UNIVERSIDADE DE BRASÍLIA,ORGANIZAR,APLICATIVO -  APLICATIVOS,geral
0.2783472090627819,0.9474769215623908,0.01782773680592087,0.0,1,1,0,0,3.0,PI0703095   ,2007,Universidade Estadual de Maringá,FORMULAÇÃO FARMACÊUTICA À BASE DA ESPÉCIE VEGETAL ARRABIDAEA CHICA PARA FOTOPROTEÇÃO E PIGMENTAÇÃO,,saude_digital,112962,2010,UNIVERSIDADE ESTADUAL DE MARINGÁ,"INDEXAÇÃO DE IMAGENS, VISANDO ELABORAÇÃO DE GUIAS DIAGNOSE DE DOENÇAS",Aplc Tcn Ct  -  Aplicaçöes Técnico-Científicas Gerenc BD  -  Gerenciador de Banco de Dados,geral
0.27826074109801213,0.946292167433519,0.01791957592827831,0.0,1,1,0,0,7.0,PI0803611   ,2008,Fundação Universidade Federal de São Carlos,PROCESSO CATALÍTICO À BASE DE PENEIRAS MOLECULARES PARA REAÇÕES DE TRANSESTERIFICAÇÃO,,geral,512015000130,2015,FUNDAÇÃO UNIVERSIDADE FEDERAL DE SÃO CARLOS,REHAB GESTURE,Ferrm Apoio  -  Ferramenta de Apoio Inst T&M   -  Instrumentaçäo de Teste e Mediçäo Teleinform -  Teleinformática,saude_digital
0.27820173334154746,0.9454711319565344,0.017984725433149218,0.0,1,1,0,0,10.0,PI0303303   ,2003,Universidade Estadual de Campinas - UNICAMP,COMPOSTO DE SÍLICA-TITANIA-GRAFITE (SIO2/TIO2/GRAFITE) COMO MATERIAL CERÂMICO ELETRICAMENTE CONDUTOR E PROCESSO SOL-GEL DE OBTENÇÃO DO MESMO,,energia,512013000564,2013,UNIVERSIDADE ESTADUAL DE CAMPINAS - UNICAMP,AG_AS,Ferrm Apoio  -  Ferramenta de Apoio Intlg Artf -  Inteligência Artificial Sist Especl  -  Sistemas Especialistas,geral
0.27816543705095914,0.9455689645869401,0.017913350050319465,0.0,1,1,0,0,9.0,MU9001346   ,2010,UNIVERSIDADE DE SÃO PAULO - USP,DISPOSITIVO ELETRO-MECÂNICO DE COLETA DE AMOSTRAS INDEFORMADAS DE SOLO,,agricultura_inteligente,512019001602,2019,UNIVERSIDADE DE SÃO PAULO - USP,PROTÓTIPO MÓDULO E-SUS AB INTEGRADO NO SISTEMA PROPRIETÁRIO UTILIZADO NO LOCAL DA PESQUISA,Ferrm Apoio  -  Ferramenta de Apoio Gerenc Info  -  Gerenciador de Informaçöes Interf Com -  Interface de Comunicaçäo,geral
0.2781632277040644,0.21982426959967521,0.5491892408564142,0.05263157894736842,0,0,0,0,6.0,PI0800800   ,2008,UNIVERSIDADE FEDERAL DO PARANÁ,"MATERIAL PROMOTOR DE AGLUTINAÇÃO DE SUBSTÂNCIAS OLEOSAS DISPERSAS, MISTURADAS OU EMULSIFICADAS EM ÁGUA",,geral,512014000571,2014,UNIVERSIDADE ESTADUAL DO OESTE DO PARANÁ,SOLARDIM - DIMENSIONAMENTO DE SISTEMAS SOLARES DE AQUECIMENTO DE ÁGUA,Aplc Tcn Ct  -  Aplicaçöes Técnico-Científicas,energia
0.27814649264656105,0.9462871748780366,0.01775289590023066,0.0,1,1,0,0,6.0,PI0803611   ,2008,Fundação Universidade Federal de São Carlos,PROCESSO CATALÍTICO À BASE DE PENEIRAS MOLECULARES PARA REAÇÕES DE TRANSESTERIFICAÇÃO,,geral,512014001378,2014,FUNDAÇÃO UNIVERSIDADE FEDERAL DE SÃO CARLOS,GESTUREPUZZLE - GESTURE'S,"Entrtmnto  -  Entretenimento Ferrm Apoio  -  Ferramenta de Apoio Inst T&M   -  Instrumentaçäo de Teste e Mediçäo Jogos Anim -  Jogos Animados (""arcade games"") Teleinform -  Teleinformática",saude_digital
0.2781176871701195,0.9554233660389823,0.016041083789434918,0.0,1,1,0,0,5.0,PI0700308   ,2007,UNIVERSIDADE ESTADUAL DE CAMPINAS - UNICAMP,FORNO DE NITRETAÇÃO IÔNICA COM CATODOS MÚLTIPLOS,,geral,136152,2012,UNIVERSIDADE ESTADUAL DE CAMPINAS - UNICAMP,INUTRI,APLICATIVO -  APLICATIVOS Entrtmnto  -  Entretenimento Ferrm Apoio  -  Ferramenta de Apoio Teleinform -  Teleinformática Utilitários  -  Utilitários,geral
0.2778251004361581,0.9373566640189817,-0.09783464042140833,0.0,1,1,0,1,7.0,PI0704314   ,2007,Universidade Estadual de Maringá,PLANTADORA AUTOMÁTICA DE CANA PICADA,,agricultura_inteligente,512014001544,2014,UNIVERSIDADE ESTADUAL DE MARINGÁ,"GESCOMP-GESTÃO ESTRATÉGICA DE COMPRAS,ORÇAMENTO,MATERIAL E PATRIMÔNIO",APLICATIVO -  APLICATIVOS,geral
0.2777397310110357,0.9478926008468314,0.016862058020806647,0.0,1,1,0,0,0.0,PI0203756   ,2002,Universidade Estadual de Campinas - Unicamp,"SISTEMA BIOMÉTRICO DE CADASTRAMENTO, CONSULTA E IDENTIFICAÇÃO AUTOMÁTICA PESSOAL VIA INTERNET",,geral,047210,2002,UNIVERSIDADE ESTADUAL DE CAMPINAS - UNICAMP,GUIA PRÁTICO E TEÓRICO DE PARASITAS INTESTINAIS HUMANOS,Aplc Tcn Ct  -  Aplicaçöes Técnico-Científicas Dicion Dad -  Dicionário de Dados Ferrm Apoio  -  Ferramenta de Apoio Inst Biomd -  Instrumentaçäo Biomédica,saude_digital
0.2777011601986786,0.9570131677117321,0.015150366425361828,0.0,1,1,0,0,10.0,PI0201168   ,2002,Universidade Estadual de Campinas - UNICAMP,FORMULAÇÕES DE S-NITROSOTIÓIS DOADORES DE ÓXIDO NÍTRICO INCORPORADOS EM GÉIS AQUOSOS  TÉRMICAMENTE REVERSÍVEIS DE COPOLÍMERO TRIBLOCO DE POLI(ÓXIDO DE ETILENO) - POLI(ÓXIDO DE PROPILENO) - POLI(ÓXIDO DE ETILENO) E METODOLOGIA DE INCORPORAÇÃO DE S-NITROSOTIÓIS EM MATRIZES DE GÉIS AQUOSOS DE COPOLÍMERO TRIBLOCO DE POLI(ÓXIDO DE ETILENO) - POLI(ÓXIDO DE PROPILENO) - POLI(ÓXIDO DE ETILENO).,,geral,135910,2012,UNIVERSIDADE ESTADUAL DE CAMPINAS - UNICAMP,FBR DISTRIBUTOR,APLICATIVO -  APLICATIVOS Aplc Tcn Ct  -  Aplicaçöes Técnico-Científicas Ferrm Apoio  -  Ferramenta de Apoio Utilitários  -  Utilitários,geral
0.2776117724525802,0.9572421381909655,0.014979882579157278,0.0,1,1,0,0,8.0,PI0804889   ,2008,UNIVERSIDADE ESTADUAL DE CAMPINAS - UNICAMP,PROCESSO DE PRODUÇÃO DE CONJUGADOS DE INTERFERON COM ÓXIDOS DE POLIALQUILENOS E SEUS USOS,,geral,512016000411,2016,UNIVERSIDADE ESTADUAL DE CAMPINAS - UNICAMP,"OCHT (ONE-CLICK HIGH THROUGHPUT: SOFTWARE DE ANÁLISE HIGH-THROUGHPUT DE PARÂMETROS DE CRESCIMENTO MICROBIANO""","Gerad Relat  -  Gerador de Relatórios Gerenc BD  -  Gerenciador de Banco de Dados Gerenc Info  -  Gerenciador de Informaçöes Interf E&S -  Interface de Entrada e Saída Org Man Arq  -  Organizaçäo, Tratamento, Manutençäo de Arquivos",geral
0.2773834588938244,0.9456637537920136,0.016749980251111407,0.0,1,1,0,0,8.0,PI0701386   ,2007,Universidade de São Paulo - USP,SOLUÇÃO FOTOSSENSÍVEL INTRODUZIDA EM TINTAS E VERNIZES OU QUALQUER SUPERFÍCIES SÓLIDA UTILIZADA PARA DESINFECÇÃO DE AMBIENTES ATRAVÉS DE REAÇÃO FOTODINÂMICA,,geral,512015001485,2015,UNIVERSIDADE DE SÃO PAULO- USP,"SUBSISTEMA MULTIPLATAFORMA PARA CONTROLE DE AQUISIÇÃO, VISUALIZAÇÃO E ORGANIZAÇÃO DE DADOS DE  ESPECTRÔMETRO DIGITAL DE RM: TORM CONSOLE",Inst Analt -  Instrumentaçäo Analítica Inst Biomd -  Instrumentaçäo Biomédica Inst T&M   -  Instrumentaçäo de Teste e Mediçäo Instrument -  Instrumentaçäo Proc Imagem  -  Processamento de Imagem,saude_digital
0.2773759036127453,0.9455689645869401,0.01675633281833222,0.0,1,1,0,0,9.0,PI0706234   ,2007,UNIVERSIDADE FEDERAL DO PARANÁ,"REGULAÇÃO NEGATIVA DA MULTIPLICAÇÃO DO VÍRUS H5N1, VÍRUS DA INFLUENZA A COM O USO DE MEDICAMENTO HOMEOPÁTICO COMPLEXO",,saude_digital,512016001260,2016,UNIVERSIDADE FEDERAL DO PARANÁ,ORÇA RAPIDO,Ferrm Apoio  -  Ferramenta de Apoio Gerenc Info  -  Gerenciador de Informaçöes Simul & Mod  -  Simulaçäo e Modelagem,geral
0.27730773897119587,0.3147113091923585,0.5551241501103381,0.0,0,0,0,0,6.0,PI0811369   ,2008,Universidade Federal de Juiz de Fora,ACELERADOR DE PRECIPITAÇÃO DE CIANOBACTÉRIAS TÓXICAS (APCT),,geral,512014001074,2014,UNIVERSIDADE FEDERAL DE MINAS GERAIS,SISMEF - SISTEMA DE MEDIÇÃO FASORIAL SINCRONIZADO,APLICATIVO -  APLICATIVOS Automaçäo  -  Automaçäo Desv c/Metd  -  Aplicativos Desenvolv. Sist. de acordo com determ. Metodologia Ger Op&Man -  Gerenciador Operaçäo e Manutençäo,industria_4_0
